Results from heasarc_mcg: Morphological Galaxy Catalog,,,,,
Coordinate system: Equatorial,,,,,
|name          |maj_axis|min_axis|mag    |cat_num  |in_maj|in_min|,,,,,0
|MCG-05-27-002 |  8.00  |  3.00  |   15.0|         |0     |0     |,,,,,
|MCG-05-32-043 |  7.00  |  4.00  |   15.0|         |2     |1.5   |,,,,,
|MCG-05-32-055 |  6.00  |  2.00  |   15.0|         |0     |0     |,,,,,
|MCG-05-32-016 |  0.00  |  0.00  |   13.0|NGC 5140 |5     |4     |,,,,,
|MCG-05-27-004 |  6.00  |  5.00  |   15.0|         |2     |2     |,,,,,
|MCG-05-32-053 |  7.00  |  2.00  |   15.0|         |3     |2     |,,,,,
|MCG-05-33-042 | 12.00  |  8.00  |   15.0|IC 4366  |0     |0     |,,,,,
|MCG-05-33-031 |  5.00  |  5.00  |   15.0|         |2     |2     |,,,,,
|MCG-05-32-011 | 16.00  |  4.00  |   15.0|         |2     |1.5   |,,,,,
|MCG-05-32-063 | 12.00  |  9.00  |   15.0|         |4     |1.5   |,,,,,
|MCG-05-23-015 | 12.00  |  7.00  |   15.0|         |4     |1     |,,,,,
|MCG-05-33-041 |  5.00  |  4.00  |   15.0|         |2     |1.5   |,,,,,
|MCG-05-25-001 | 16.00  |  8.00  |   14.0|IC 2560  |3     |2     |,,,,,
|MCG-05-30-001 |  0.00  |  0.00  |   16.0|         |1     |1     |,,,,,
|MCG-05-32-054 |  8.00  |  2.00  |   15.0|         |0     |0     |,,,,,
|MCG-05-29-034 | 20.00  | 20.00  |   13.0|NGC 4304 |3     |2     |,,,,,
|MCG-05-32-041 |  9.00  |  3.00  |   15.0|NGC 5215 |2.5   |2     |,,,,,
|MCG-05-32-040 |  8.00  |  2.00  |   15.0|NGC 5215 |2.5   |2     |,,,,,
|MCG-05-34-014 |  8.00  |  6.00  |   14.0|         |4     |2.5   |,,,,,
|MCG-05-32-046 | 14.00  |  2.00  |   15.0|         |5     |2     |,,,,,
|MCG-05-33-038 | 12.00  | 10.00  |   15.0|         |1     |1     |,,,,,
|MCG-05-34-008 |  6.00  |  6.00  |   15.0|         |1     |1     |,,,,,
|MCG-05-33-039 |  3.00  |  3.00  |   15.0|         |2     |1.5   |,,,,,
|MCG-05-35-003 |  9.00  |  8.00  |   15.0|         |4     |2     |,,,,,
|MCG-05-34-013 |  6.00  |  4.00  |   16.0|         |0     |0     |,,,,,
|MCG-05-33-048 | 14.00  |  4.00  |   14.0|IC 4375  |2.5   |2     |,,,,,
|MCG-05-25-039 | 10.00  |  3.00  |   15.0|         |4     |3     |,,,,,
|MCG-05-32-036 |  6.00  |  2.00  |   15.0|         |2     |2     |,,,,,
|MCG-05-32-037 |  0.00  |  0.00  |   13.0|NGC 5193 |5     |4     |,,,,,
|MCG-05-24-005 | 10.00  |  5.00  |   14.0|IC 2523  |0     |0     |,,,,,
|MCG-05-30-003 |  8.00  |  5.00  |   17.0|         |0     |0     |,,,,,
|MCG-05-32-031 | 53.00  | 20.00  |   12.0|NGC 5161 |8     |6     |,,,,,
|MCG-05-26-015 |  8.00  |  5.00  |   15.0|         |0     |0     |,,,,,
|MCG-05-27-017 |  6.00  |  4.00  |   15.0|         |1     |0.7   |,,,,,
|MCG-05-22-001 | 20.00  | 10.00  |   15.0|         |0     |0     |,,,,,
|MCG-05-24-004 | 20.00  | 12.00  |   13.0|IC 2522  |8     |5     |,,,,,
|MCG-05-26-012 | 11.00  |  5.00  |   14.0|         |3     |2.5   |,,,,,
|MCG-05-31-020 | 12.00  |  2.00  |   15.0|         |1     |0.7   |,,,,,
|MCG-05-24-002 | 16.00  |  6.00  |   14.0|         |2     |1     |,,,,,
|MCG-05-33-037 | 25.00  | 20.00  |   14.0|NGC 5398 |0     |0     |,,,,,
|MCG-05-23-006 | 60.00  |  8.00  |   13.0|         |0     |0     |,,,,,
|MCG-05-32-048 |  8.00  |  7.00  |   15.0|         |1.5   |1     |,,,,,
|MCG-05-32-052 |  8.00  |  4.00  |   14.0|         |3     |2     |,,,,,
|MCG-05-14-017 |  4.00  |  4.00  |   15.0|         |1.5   |1.5   |,,,,,
|MCG-05-12-006 |  4.00  |  2.00  |   15.0|         |2     |1.5   |,,,,,
|MCG-05-14-008 |  4.00  |  4.00  |   15.0|         |0     |0     |,,,,,
|MCG-05-26-010 | 20.00  |  8.00  |   13.0|NGC 3449 |7     |3     |,,,,,
|MCG-05-21-002 |  5.00  |  3.00  |   15.0|         |3     |2     |,,,,,
|MCG-05-22-005 |  8.00  |  5.00  |   16.0|         |0     |0     |,,,,,
|MCG-05-16-007 |  6.00  |  5.00  |   15.0|         |2     |2     |,,,,,
|MCG-05-23-019 | 14.00  |  2.50  |   14.0|IC 2514  |4     |2.5   |,,,,,
|MCG-05-25-003 |  7.00  |  6.00  |   15.0|IC 2576  |4     |2     |,,,,,
|MCG-05-31-027 |  8.00  |  8.00  |   16.0|         |0.7   |0.7   |,,,,,
|MCG-05-33-002 | 10.00  |  6.00  |   17.0|         |1     |1     |,,,,,
|MCG-05-11-002 | 40.00  | 13.00  |   11.0|NGC 1532 |3     |3     |,,,,,
|MCG-05-15-005 |  7.00  |  5.00  |   15.0|         |2.3   |2     |,,,,,
|MCG-05-11-001 |  6.00  |  4.00  |   13.0|NGC 1531 |0     |0     |,,,,,
|MCG-05-23-018 | 16.00  |  4.00  |   14.0|IC 2511  |4     |2     |,,,,,
|MCG-05-23-017 |  9.00  |  5.00  |   14.0|IC 2510  |2     |1     |,,,,,
|MCG-05-28-013 |  7.00  |  5.00  |   15.0|         |1.5   |1     |,,,,,
|MCG-05-27-008 | 90.00  | 40.00  |   10.0|NGC 3621 |40    |15    |,,,,,
|MCG-05-31-011 |  7.00  |  4.00  |   15.0|         |2     |2     |,,,,,
|MCG-05-12-002 |  3.00  |  3.00  |   16.0|         |1     |1     |,,,,,
|MCG-05-31-019 | 12.00  | 10.00  |   15.0|         |0.7   |0.7   |,,,,,
|MCG-05-14-018 |  6.00  |  6.00  |   16.0|         |0.8   |0.8   |,,,,,
|MCG-05-24-001 | 20.00  | 12.00  |   13.0|NGC 3038 |6     |4     |,,,,,
|MCG-05-14-023 |  8.00  |  8.00  |   15.0|         |1.5   |1.5   |,,,,,
|MCG-05-31-021 |  8.00  |  3.00  |   16.0|         |1     |0.5   |,,,,,
|MCG-05-47-014 |  6.00  |  6.00  |   15.0|         |2.5   |2.5   |,,,,,
|MCG-05-32-039 |  8.00  |  2.50  |   15.0|         |0     |0     |,,,,,
|MCG-05-49-011 |  3.00  |  2.50  |   15.0|         |0     |0     |,,,,,
|MCG-05-31-022 |  4.00  |  4.00  |   15.0|         |1     |1     |,,,,,
|MCG-05-26-009 | 14.00  | 10.00  |   14.0|         |2     |2     |,,,,,
|MCG-05-31-039 | 24.00  |  4.00  |   15.0|         |0     |0     |,,,,,
|MCG-05-32-064 |  6.00  |  6.00  |   15.0|         |1.5   |1     |,,,,,
|MCG-05-09-015 |  8.00  |  4.00  |   15.0|         |0     |0     |,,,,,
|MCG-05-13-017 |  6.00  |  6.00  |   15.0|         |3     |3     |,,,,,
|MCG-05-35-001 |  6.00  |  6.00  |   15.0|         |2.5   |2.5   |,,,,,
|MCG-05-33-033 | 12.00  |  1.50  |   15.0|         |4     |1     |,,,,,
|MCG-05-09-016 | 15.00  | 15.00  |   14.0|         |2     |2     |,,,,,
|MCG-05-08-025 | 20.00  | 18.00  |   13.0|NGC 1288 |2     |2     |,,,,,
|MCG-05-29-030 | 10.00  |  5.00  |   15.0|         |1     |1     |,,,,,
|MCG-05-32-061 |  8.00  |  4.00  |   15.0|         |2     |1     |,,,,,
|MCG-05-48-011 | 13.00  | 10.00  |   15.0|         |0     |0     |,,,,,
|MCG-05-28-014 |  5.00  |  5.00  |   15.0|         |2     |2     |,,,,,
|MCG-05-28-002 |  4.00  |  1.50  |   15.0|         |0     |0     |,,,,,
|MCG-05-02-003 |  8.00  |  8.00  |   13.0|NGC  101 |3     |2     |,,,,,
|MCG-05-11-004 | 10.00  |  5.00  |   14.0|IC 2040: |4     |3     |,,,,,
|MCG-05-31-005 |  1.50  |  1.50  |   15.0|         |0     |0     |,,,,,
|MCG-05-31-004 |  5.00  |  5.00  |   15.0|         |1.5   |1.5   |,,,,,
|MCG-05-47-009 | 10.00  |  2.00  |   15.0|         |0     |0     |,,,,,
|MCG-05-29-024 | 14.00  |  2.00  |   15.0|         |6     |2     |,,,,,
|MCG-05-52-031 | 12.00  |  6.00  |   14.0|         |0     |0     |,,,,,
|MCG-05-48-028 | 10.00  |  8.00  |   14.0|NGC 6947 |1.5   |1.5   |,,,,,
|MCG-05-08-027 | 14.00  |  1.50  |   14.0|IC 1913  |0     |0     |,,,,,
|MCG-05-48-012 | 12.00  |  4.00  |   15.0|         |4     |1.5   |,,,,,
|MCG-05-47-013 | 10.00  |  2.00  |   15.0|         |3     |2     |,,,,,
|MCG-05-16-015 | 14.00  |  8.00  |   14.0|NGC 2267 |5     |3     |,,,,,
|MCG-05-25-002 | 10.00  |  7.00  |   13.0|NGC 3241 |2.5   |2     |,,,,,
|MCG-05-09-017 |  0.00  |  0.00  |   14.0|         |4     |3     |,,,,,
|MCG-05-54-021 |  4.00  |  1.50  |   16.0|         |0     |0     |,,,,,
|MCG-05-54-020 |  6.00  |  6.00  |   15.0|         |3     |2.5   |,,,,,
|MCG-05-04-027 |  8.00  |  8.00  |   14.0|         |0     |0     |,,,,,
|MCG-05-31-012 |  0.00  |  0.00  |   15.0|         |3     |2.5   |,,,,,
|MCG-05-12-007 |  6.00  |  5.00  |   15.0|         |1.5   |1.5   |,,,,,
|MCG-05-22-008 | 35.00  |  6.00  |   12.0|IC 2469  |4     |3     |,,,,,
|MCG-05-03-009 |  8.00  |  2.00  |   15.0|         |2     |2     |,,,,,
|MCG-05-53-016 |  8.00  |  6.00  |   15.0|         |0     |0     |,,,,,
|MCG-05-02-006 | 10.00  |  8.00  |   14.0|         |1     |1     |,,,,,
|MCG-05-11-008 | 10.00  |  7.00  |   15.0|         |2     |1     |,,,,,
|MCG-05-11-009 |  3.00  |  0.70  |   16.0|         |0     |0     |,,,,,
|MCG-05-31-014 |  8.00  |  7.00  |   16.0|         |2     |2     |,,,,,
|MCG-05-50-011 |  8.00  |  3.00  |   15.0|         |1     |1     |,,,,,
|MCG-05-47-012 |  5.00  |  5.00  |   15.0|         |3     |2     |,,,,,
|MCG-05-35-002 |  8.00  |  4.00  |   15.0|         |2     |2     |,,,,,
|MCG-05-30-005 |  4.00  |  4.00  |   16.0|         |0     |0     |,,,,,
|MCG-05-55-012 | 13.00  | 10.00  |   15.0|         |0     |0     |,,,,,
|MCG-05-06-004 |  5.00  |  5.00  |   15.0|         |0     |0     |,,,,,
|MCG-05-25-023 | 14.00  |  3.00  |   14.0|         |0     |0     |,,,,,
|MCG-05-07-030 |  6.00  |  2.50  |   14.0|         |0     |0     |,,,,,
|MCG-05-25-020 |  8.00  |  6.00  |   14.0|NGC 3302 |4     |2.5   |,,,,,
|MCG-05-52-020 | 16.00  |  6.00  |   14.0|         |1.5   |1     |,,,,,
|MCG-05-32-006 |  0.00  |  0.00  |   14.0|NGC 5114 |4     |2.5   |,,,,,
|MCG-05-28-001 |  4.00  |  2.50  |   15.0|         |1.5   |1.5   |,,,,,
|MCG-05-32-005 | 11.00  |  3.00  |   15.0|NGC 5108 |1     |1     |,,,,,
|MCG-05-31-016 |  0.00  |  0.00  |   15.0|         |2.5   |2.5   |,,,,,
|MCG-05-50-018 |  4.00  |  4.00  |   16.0|         |1     |1     |,,,,,
|MCG-05-09-004 | 15.00  | 11.00  |   13.0|NGC 1339 |6     |4     |,,,,,
|MCG-05-49-008 |  8.00  |  4.00  |   15.0|         |2.5   |1.5   |,,,,,
|MCG-05-01-038 | 15.00  | 15.00  |   14.0|IC 1531  |4     |3     |,,,,,
|MCG-05-51-031 |  8.00  |  3.00  |   15.0|         |0     |0     |,,,,,
|MCG-05-02-015 | 12.00  |  8.00  |   14.0|         |5     |3     |,,,,,
|MCG-05-24-008 |  0.00  |  0.00  |   14.0|IC 2526  |5     |3     |,,,,,
|MCG-05-04-020 | 12.00  | 11.00  |   14.0|         |3     |2.5   |,,,,,
|MCG-05-54-006 | 12.00  |  8.00  |   14.0|         |4     |4     |,,,,,
|MCG-05-04-019 |  5.00  |  3.00  |   15.0|         |2.5   |1.5   |,,,,,
|MCG-05-33-013 |  6.00  |  2.00  |   15.0|         |2     |1.5   |,,,,,
|MCG-05-48-015 |  5.00  |  2.50  |   15.0|         |0     |0     |,,,,,
|MCG-05-32-059 |  4.00  |  3.00  |   15.0|         |2.5   |2     |,,,,,
|MCG-05-45-002 |  4.00  |  3.00  |   15.0|         |1     |0.7   |,,,,,
|MCG-05-04-022 |  5.00  |  4.00  |   15.0|         |2     |2     |,,,,,
|MCG-05-04-006 |  6.00  |  6.00  |   15.0|         |1.5   |1.5   |,,,,,
|MCG-05-31-026 | 12.00  |  4.00  |   15.0|         |1.5   |1     |,,,,,
|MCG-05-32-004 |  5.00  |  3.00  |   15.0|         |1.5   |1.5   |,,,,,
|MCG-05-01-027 |  2.00  |  1.50  |   16.0|         |0     |0     |,,,,,
|MCG-05-04-017 |  6.00  |  4.00  |   15.0|         |2     |2     |,,,,,
|MCG-05-51-016 | 10.00  | 10.00  |   14.0|         |3     |3     |,,,,,
|MCG-05-26-005 |  9.00  |  8.00  |   14.0|         |1.5   |1.5   |,,,,,
|MCG-05-47-006 |  5.00  |  3.00  |   15.0|         |2     |2     |,,,,,
|MCG-05-08-006 | 10.00  | 10.00  |   14.0|         |3     |3     |,,,,,
|MCG-05-25-015 | 12.00  |  4.00  |   15.0|         |2     |2     |,,,,,
|MCG-05-22-006 |  6.00  |  4.00  |   16.0|         |1     |1     |,,,,,
|MCG-05-07-021 | 10.00  |  6.00  |   14.0|         |4     |3     |,,,,,
|MCG-05-01-010 |  6.00  |  4.00  |   15.0|         |2     |1.5   |,,,,,
|MCG-05-13-016 | 25.00  | 20.00  |   14.0|NGC 1879 |12    |4     |,,,,,
|MCG-05-15-003 |  6.00  |  5.00  |   15.0|         |2     |1.5   |,,,,,
|MCG-05-45-003 | 16.00  |  4.00  |   14.0|         |0     |0     |,,,,,
|MCG-05-32-015 |  8.00  |  2.00  |   15.0|         |4     |2     |,,,,,
|MCG-05-47-018 | 12.00  |  3.00  |   15.0|         |2     |1.5   |,,,,,
|MCG-05-08-009 | 24.00  | 10.00  |   13.0|NGC 1165 |14    |3     |,,,,,
|MCG-05-47-007 |  8.00  |  4.00  |   16.0|         |3     |2     |,,,,,
|MCG-05-55-009 |  4.00  |  2.00  |   16.0|         |0     |0     |,,,,,
|MCG-05-31-043 | 11.00  |  5.50  |   13.0|IC 4214  |4     |3     |,,,,,
|MCG-05-55-025 |  4.00  |  4.00  |   15.0|         |2     |2     |,,,,,
|MCG-05-49-009 |  6.00  |  4.00  |   15.0|         |0     |0     |,,,,,
|MCG-05-03-013 |  0.00  |  0.00  |   15.0|         |2     |1     |,,,,,
|MCG-05-52-014 |  8.00  |  2.00  |   15.0|         |3     |1     |,,,,,
|MCG-05-04-007 |  4.00  |  2.50  |   15.0|NGC  427 |0     |0     |,,,,,
|MCG-05-03-014 |  5.00  |  5.00  |   15.0|         |3     |3     |,,,,,
|MCG-05-52-011 |  0.00  |  0.00  |   13.0|NGC 7176 |4     |4     |,,,,,
|MCG-05-52-010 |  8.00  |  5.00  |   12.0|NGC 7174 |0     |0     |,,,,,
|MCG-05-33-047 | 10.00  |  8.00  |   15.0|         |1.5   |1.5   |,,,,,
|MCG-05-29-021 | 20.00  |  2.00  |   15.0|         |5     |2     |,,,,,
|MCG-05-29-019 |  9.00  |  9.00  |   16.0|         |1.5   |1.5   |,,,,,
|MCG-05-04-040 |  5.00  |  3.00  |   15.0|         |0     |0     |,,,,,
|MCG-05-52-008 |  0.00  |  0.00  |   13.0|NGC 7173 |5     |4     |,,,,,
|MCG-05-52-021 |  9.00  |  2.50  |   15.0|         |0     |0     |,,,,,
|MCG-05-54-008 |  5.00  |  5.00  |   15.0|         |3     |2.5   |,,,,,
|MCG-05-51-021 | 10.00  |  2.00  |   15.0|         |0     |0     |,,,,,
|MCG-05-48-022 | 35.00  | 10.00  |   12.0|NGC 6925 |10    |4     |,,,,,
|MCG-05-32-065 |  6.00  |  4.00  |   15.0|         |2     |1     |,,,,,
|MCG-05-11-006 |  6.00  |  6.00  |   14.0|         |4     |4     |,,,,,
|MCG-05-13-005 |  8.00  |  5.00  |   14.0|         |4     |2     |,,,,,
|MCG-05-13-004 |  2.00  |  1.50  |   15.0|NGC 1800 |0     |0     |,,,,,
|MCG-05-12-004 | 23.00  | 16.00  |   13.0|NGC 1679 |5     |2     |,,,,,
|MCG-05-03-015 |  0.00  |  0.00  |   15.0|NGC  314 |3     |2     |,,,,,
|MCG-05-28-004 |  8.00  |  4.00  |   15.0|         |2     |1     |,,,,,
|MCG-05-21-001 | 24.00  |  6.00  |   15.0|         |0     |0     |,,,,,
|MCG-05-01-035 | 10.00  |  3.00  |   15.0|         |0.8   |0     |,,,,,
|MCG-05-56-001 | 25.00  |  4.00  |   14.0|         |0     |0     |,,,,,
|MCG-05-26-014 | 11.00  |  1.50  |   15.0|         |0     |0     |,,,,,
|MCG-05-29-016 |  0.00  |  0.00  |   16.0|         |2     |2     |,,,,,
|MCG-05-29-017 | 10.00  |  1.50  |   16.0|         |3     |1.5   |,,,,,
|MCG-05-48-026 |  8.00  |  4.00  |   15.0|         |5     |1     |,,,,,
|MCG-05-06-014 | 10.00  |  4.00  |   15.0|         |4     |2     |,,,,,
|MCG-05-07-016 | 14.00  |  6.00  |   15.0|         |2     |2     |,,,,,
|MCG-05-06-008 | 12.00  | 10.00  |   13.0|NGC  857 |4     |4     |,,,,,
|MCG-05-47-019 |  5.00  |  5.00  |   15.0|         |2     |2     |,,,,,
|MCG-05-51-035 | 12.00  |  8.00  |   14.0|NGC 7163 |2     |2     |,,,,,
|MCG-05-52-007 | 20.00  | 12.00  |   12.0|NGC 7172 |8     |3     |,,,,,
|MCG-05-47-015 |  8.00  |  2.00  |   15.0|         |0     |0     |,,,,,
|MCG-05-22-007 | 10.00  | 10.00  |   15.0|         |2     |1     |,,,,,
|MCG-05-07-001 |  6.00  |  2.00  |   15.0|         |0     |0     |,,,,,
|MCG-05-24-007 |  7.00  |  4.00  |   15.0|         |0     |0     |,,,,,
|MCG-05-27-014 |  6.00  |  4.00  |   15.0|         |1     |0.8   |,,,,,
|MCG-05-01-015 |  5.00  |  5.00  |   14.0|         |4     |3     |,,,,,
|MCG-05-47-011 |  0.00  |  0.00  |   14.0|NGC 6841 |4     |4     |,,,,,
|MCG-05-55-010 |  5.00  |  2.00  |   16.0|         |1.5   |1.5   |,,,,,
|MCG-05-32-028 |  8.00  |  2.00  |   15.0|         |0     |0     |,,,,,
|MCG-05-35-008 |  8.00  |  3.50  |   15.0|         |0     |0     |,,,,,
|MCG-05-05-009 | 10.00  |  2.00  |   15.0|         |3     |2     |,,,,,
|MCG-05-05-001 |  6.00  |  3.00  |   15.0|         |0.6   |0     |,,,,,
|MCG-05-23-010 | 20.00  | 15.00  |   14.0|         |2.5   |1     |,,,,,
|MCG-05-04-018 |  3.00  |  2.00  |   15.0|         |0     |0     |,,,,,
|MCG-05-47-016 | 12.00  |  8.00  |   15.0|         |4     |2     |,,,,,
|MCG-05-02-017 | 18.00  |  8.00  |   13.0|NGC  148:|10    |4     |,,,,,
|MCG-05-12-009 |  9.00  |  5.00  |   15.0|         |1.5   |1     |,,,,,
|MCG-05-04-013 |  2.00  |  1.50  |   15.0|         |0     |0     |,,,,,
|MCG-05-04-012 |  3.00  |  2.00  |   15.0|         |0     |0     |,,,,,
|MCG-05-13-002 | 10.00  | 10.00  |   15.0|         |1.5   |1     |,,,,,
|MCG-05-23-009 | 14.00  |  6.00  |   13.0|IC 2507  |0     |0     |,,,,,
|MCG-05-06-002 |  7.00  |  7.00  |   15.0|         |2.5   |2.5   |,,,,,
|MCG-05-04-016 |  0.00  |  0.00  |   14.0|NGC  441 |4     |3     |,,,,,
|MCG-05-04-011 |  1.50  |  1.20  |   16.0|         |0     |0     |,,,,,
|MCG-05-16-002 |  8.00  |  6.00  |   15.0|         |0     |0     |,,,,,
|MCG-05-06-006 |  2.50  |  2.00  |   15.0|         |12    |6     |,,,,,
|MCG-05-53-020 |  6.00  |  4.00  |   15.0|         |3     |2     |,,,,,
|MCG-05-04-023 |  4.00  |  2.50  |   15.0|         |2     |1.5   |,,,,,
|MCG-05-34-003 |  8.00  |  8.00  |   15.0|IC 4388  |0     |0     |,,,,,
|MCG-05-04-036 | 14.00  | 12.00  |   14.0|         |1.5   |1     |,,,,,
|MCG-05-08-010 |  6.00  |  4.00  |   15.0|         |3     |2     |,,,,,
|MCG-05-04-015 |  0.00  |  0.00  |   13.0|NGC  439 |6     |4     |,,,,,
|MCG-05-08-020 |  6.00  |  4.00  |   15.0|         |1.5   |1.5   |,,,,,
|MCG-05-05-026 |  5.00  |  2.00  |   15.0|         |1.5   |1.5   |,,,,,
|MCG-05-11-007 |  8.00  |  3.00  |   15.0|         |3     |2     |,,,,,
|MCG-05-29-001 | 12.00  | 10.00  |   15.0|         |2.5   |2     |,,,,,
|MCG-05-08-023 |  6.00  |  4.00  |   15.0|         |4     |3     |,,,,,
|MCG-05-24-019 |  0.00  |  0.00  |   13.0|NGC 3108 |5     |4     |,,,,,
|MCG-05-34-005 |  5.00  |  4.00  |   15.0|IC 4391  |0     |0     |,,,,,
|MCG-05-53-018 |  4.00  |  2.00  |   16.0|         |0     |0     |,,,,,
|MCG-05-24-018 |  0.00  |  0.00  |   12.0|NGC 3100 |5     |4     |,,,,,
|MCG-05-32-007 |  4.00  |  4.00  |   15.0|         |2     |2     |,,,,,
|MCG-05-14-024 |  5.00  |  2.00  |   15.0|         |0     |0     |,,,,,
|MCG-05-56-002 |  6.00  |  5.00  |   16.0|         |1     |0.8   |,,,,,
|MCG-05-24-026 | 24.00  |  4.00  |   14.0|IC 2555  |4     |2     |,,,,,
|MCG-05-32-060 | 45.00  | 20.00  |   11.0|NGC 5253 |20    |8     |,,,,,
|MCG-05-31-044 |  9.00  |  8.00  |   14.0|IC 4219  |0     |0     |,,,,,
|MCG-05-11-005 |  0.00  |  0.00  |   13.0|NGC 1537 |10    |5     |,,,,,
|MCG-05-13-011 | 30.00  | 22.00  |   15.0|         |4     |2.5   |,,,,,
|MCG-05-07-005 | 14.00  |  2.00  |   15.0|         |7     |2     |,,,,,
|MCG-05-52-006 |  8.00  |  4.00  |   15.0|         |4     |2.5   |,,,,,
|MCG-05-50-006 |  9.00  |  7.00  |   15.0|         |2     |1     |,,,,,
|MCG-05-48-001 |  6.00  |  3.00  |   15.0|         |0     |0     |,,,,,
|MCG-05-13-019 |  6.00  |  6.00  |   15.0|         |1     |1     |,,,,,
|MCG-05-25-005 | 12.00  |  9.00  |   13.0|         |5     |4     |,,,,,
|MCG-05-18-007 | 10.00  |  4.00  |   15.0|         |1.5   |1.5   |,,,,,
|MCG-05-01-003 |  6.00  |  4.00  |   15.0|         |0     |0     |,,,,,
|MCG-05-04-026 |  7.00  |  2.00  |   15.0|         |1.5   |1.5   |,,,,,
|MCG-05-24-016 | 30.00  | 20.00  |   12.0|NGC 3095 |10    |6     |,,,,,
|MCG-05-48-006 |  5.00  |  3.00  |   15.0|         |3     |1     |,,,,,
|MCG-05-28-016 |  4.00  |  3.00  |   15.0|         |1.5   |1     |,,,,,
|MCG-05-07-038 |  8.00  |  5.00  |   15.0|         |1.5   |1.5   |,,,,,
|MCG-05-07-029 | 20.00  |  4.00  |   14.0|         |4     |2     |,,,,,
|MCG-05-13-020 |  1.00  |  1.00  |   15.0|         |0     |0     |,,,,,
|MCG-05-55-030 |  5.00  |  3.00  |   15.0|         |2     |1.5   |,,,,,
|MCG-05-14-022 |  3.00  |  3.00  |   15.0|         |1.5   |1.5   |,,,,,
|MCG-05-13-021 |  0.00  |  0.00  |   15.0|         |1     |1     |,,,,,
|MCG-05-13-018 | 10.00  |  3.00  |   15.0|         |0.7   |0.7   |,,,,,
|MCG-05-48-007 |  6.00  |  1.50  |   15.0|         |0     |0     |,,,,,
|MCG-05-26-007 | 35.00  |  4.00  |   13.0|NGC 3390 |8     |4     |,,,,,
|MCG-05-07-039 |  6.00  |  6.00  |   14.0|         |4     |2     |,,,,,
|MCG-05-11-014 |  5.00  |  2.50  |   15.0|         |0     |0     |,,,,,
|MCG-05-29-023 | 25.00  |  6.00  |   13.0|IC 3015  |9     |3     |,,,,,
|MCG-05-52-001 |  4.00  |  4.00  |   15.0|         |2     |2     |,,,,,
|MCG-05-48-008 |  4.00  |  3.00  |   15.0|         |0     |0     |,,,,,
|MCG-05-39-002 |  4.00  |  4.00  |   15.0|         |0.8   |0.6   |,,,,,
|MCG-05-14-019 |  6.00  |  4.00  |   15.0|         |4     |3     |,,,,,
|MCG-05-08-022 | 16.00  | 12.00  |   15.0|         |2     |1.5   |,,,,,
|MCG-05-25-004 | 16.00  | 15.00  |   14.0|IC 2580  |2     |2     |,,,,,
|MCG-05-47-008 |  6.00  |  4.00  |   15.0|         |2     |2     |,,,,,
|MCG-05-32-026 |  8.00  |  8.00  |   15.0|         |2     |2     |,,,,,
|MCG-05-07-026 | 10.00  |  8.00  |   15.0|         |2.5   |2     |,,,,,
|MCG-05-49-010 |  2.50  |  2.00  |   16.0|         |0     |0     |,,,,,
|MCG-05-54-005 |  5.00  |  2.50  |   15.0|         |0     |0     |,,,,,
|MCG-05-31-010 |  5.00  |  1.50  |   16.0|         |1.5   |1.5   |,,,,,
|MCG-05-29-007 | 20.00  | 20.00  |   15.0|         |1     |1     |,,,,,
|MCG-05-25-030 |  9.00  |  8.00  |   17.0|         |0     |0     |,,,,,
|MCG-05-03-005 |  0.00  |  0.00  |   13.0|NGC  254 |10    |4     |,,,,,
|MCG-05-33-020 |  8.00  |  1.50  |   15.0|         |2     |1.5   |,,,,,
|MCG-05-08-018 | 26.00  | 16.00  |   14.0|         |5     |2.5   |,,,,,
|MCG-05-04-010 |  6.00  |  5.00  |   15.0|         |2     |2     |,,,,,
|MCG-05-36-001 |  8.00  |  5.00  |   15.0|         |4     |2.5   |,,,,,
|MCG-05-32-057 |  8.00  |  6.00  |   15.0|         |2     |2     |,,,,,
|MCG-05-04-029 |  5.00  |  4.00  |   15.0|         |2     |2     |,,,,,
|MCG-05-52-073 |  7.00  |  4.00  |   16.0|         |0     |0     |,,,,,
|MCG-05-53-006 |  3.00  |  2.00  |   16.0|         |0     |0     |,,,,,
|MCG-05-07-040 |  6.00  |  5.00  |   14.0|         |2     |2     |,,,,,
|MCG-05-03-008 | 10.00  |  5.00  |   15.0|         |4     |2     |,,,,,
|MCG-05-10-015 | 15.00  | 12.00  |   14.0|         |4     |3     |,,,,,
|MCG-05-30-004 |  0.00  |  0.00  |   16.0|         |1     |1     |,,,,,
|MCG-05-01-006 |  8.00  |  6.00  |   14.0|         |2     |2     |,,,,,
|MCG-05-52-072 |  4.00  |  3.00  |   15.0|         |2     |2     |,,,,,
|MCG-05-29-022 |  6.00  |  4.00  |   15.0|         |4     |2.5   |,,,,,
|MCG-05-24-020 | 20.00  |  5.00  |   14.0|IC 2539  |4     |2     |,,,,,
|MCG-05-09-012 | 11.00  |  9.00  |   14.0|         |5     |2     |,,,,,
|MCG-05-34-006 | 22.00  |  2.00  |   15.0|IC 4393  |0     |0     |,,,,,
|MCG-05-48-019 |  4.00  |  4.00  |   15.0|         |2     |2     |,,,,,
|MCG-05-09-020 | 38.00  |  7.00  |   11.0|NGC 1406 |0     |0     |,,,,,
|MCG-05-33-040 | 12.00  | 10.00  |   15.0|         |2     |1.5   |,,,,,
|MCG-05-52-026 | 12.00  |  4.00  |   14.0|NGC 7201 |6     |3     |,,,,,
|MCG-05-26-008 | 10.00  |  4.00  |   15.0|         |1.5   |1.5   |,,,,,
|MCG-05-48-020 |  3.00  |  3.00  |   16.0|         |0.8   |0.8   |,,,,,
|MCG-05-24-006 | 20.00  |  6.00  |   15.0|         |0     |0     |,,,,,
|MCG-05-54-012 |  6.00  |  6.00  |   15.0|         |3     |2     |,,,,,
|MCG-05-07-033 |  0.00  |  0.00  |   14.0|IC 1858  |4     |3     |,,,,,
|MCG-05-48-003 |  8.00  |  6.00  |   15.0|         |2     |1.5   |,,,,,
|MCG-05-52-009 | 10.00  |  2.00  |   15.0|         |0     |0     |,,,,,
|MCG-05-16-021 | 10.00  |  3.00  |   15.0|         |0     |0     |,,,,,
|MCG-05-53-001 |  0.00  |  0.00  |   14.0|         |2.5   |2.5   |,,,,,
|MCG-05-53-002 |  0.00  |  0.00  |   16.0|         |1.5   |1     |,,,,,
|MCG-05-24-017 |  0.00  |  0.00  |   13.0|IC 2533  |6     |4     |,,,,,
|MCG-05-03-010 | 30.00  | 18.00  |   12.0|NGC  289 |10    |8     |,,,,,
|MCG-05-03-003 |  6.00  |  4.00  |   15.0|         |0     |0     |,,,,,
|MCG-05-52-027 | 13.00  | 10.00  |   13.0|NGC 7203 |4     |3     |,,,,,
|MCG-05-04-009 | 12.00  |  1.50  |   15.0|         |4     |1.5   |,,,,,
|MCG-05-06-011 | 20.00  |  8.00  |   13.0|IC 1788  |11    |5     |,,,,,
|MCG-05-09-013 | 20.00  |  8.00  |   14.0|NGC 1366 |8     |3     |,,,,,
|MCG-05-07-036 |  6.00  |  1.50  |   15.0|         |0     |0     |,,,,,
|MCG-05-33-044 |  7.00  |  1.50  |   16.0|         |0     |0     |,,,,,
|MCG-05-33-043 | 10.00  |  8.00  |   16.0|         |2     |0.6   |,,,,,
|MCG-05-23-012 | 80.00  | 70.00  |   10.0|NGC 2997 |4     |4     |,,,,,
|MCG-05-53-004 | 10.00  |  4.00  |   14.0|NGC 7277 |4     |2.5   |,,,,,
|MCG-05-08-021 |  9.00  |  8.00  |   14.0|         |3     |1.5   |,,,,,
|MCG-05-07-035 |  0.00  |  0.00  |   13.0|IC 1860  |6     |4.5   |,,,,,
|MCG-05-07-032 | 12.00  |  8.00  |   14.0|IC 1859  |4     |3     |,,,,,
|MCG-05-04-021 |  7.00  |  2.00  |   15.0|         |2     |1     |,,,,,
|MCG-05-33-017 |  8.00  |  1.50  |   15.0|         |0     |0     |,,,,,
|MCG-05-06-009 | 12.00  |  2.50  |   15.0|         |0     |0     |,,,,,
|MCG-05-33-025 | 10.00  |  9.00  |   15.0|         |4     |2     |,,,,,
|MCG-05-29-029 | 10.00  |  6.00  |   14.0|         |6     |4     |,,,,,
|MCG-05-35-004 |  8.00  |  6.00  |   15.0|         |0.7   |0.7   |,,,,,
|MCG-05-55-022 |  8.00  |  6.00  |   16.0|         |2     |0.8   |,,,,,
|MCG-05-55-016 |  6.00  |  1.50  |   15.0|         |0     |0     |,,,,,
|MCG-05-14-020 |  5.00  |  4.00  |   15.0|         |3     |2     |,,,,,
|MCG-05-55-017 |  4.00  |  4.00  |   15.0|         |2     |2     |,,,,,
|MCG-05-52-028 |  7.00  |  4.00  |   14.0|         |3     |3     |,,,,,
|MCG-05-01-033 |  6.00  |  2.00  |   15.0|         |4     |2     |,,,,,
|MCG-05-52-029 |  8.00  |  2.00  |   14.0|NGC 7204 |0     |0     |,,,,,
|MCG-05-26-004 |  6.00  |  5.00  |   15.0|         |0     |0     |,,,,,
|MCG-05-03-012 |  5.00  |  5.00  |   15.0|         |2     |2     |,,,,,
|MCG-05-49-006 |  8.00  |  4.00  |   15.0|         |6     |2     |,,,,,
|MCG-05-54-009 |  8.00  |  6.00  |   15.0|         |0     |0     |,,,,,
|MCG-05-09-005 |  0.00  |  0.00  |   12.0|NGC 1344 |15    |10    |,,,,,
|MCG-05-47-017 | 14.00  |  6.00  |   16.0|         |2     |0.7   |,,,,,
|MCG-05-48-021 |  6.00  |  6.00  |   15.0|         |3     |1.5   |,,,,,
|MCG-05-32-003 |  5.00  |  4.00  |   15.0|         |0     |0     |,,,,,
|MCG-05-14-021 |  6.00  |  4.00  |   16.0|         |0     |0     |,,,,,
|MCG-05-04-014 | 10.00  | 10.00  |   15.0|         |2.5   |2     |,,,,,
|MCG-05-09-003 |  5.00  |  4.00  |   15.0|         |3     |1     |,,,,,
|MCG-05-32-068 | 10.00  |  4.00  |   15.0|         |4     |1.5   |,,,,,
|MCG-05-51-017 |  0.00  |  0.00  |   14.0|IC 5139  |6     |4     |,,,,,
|MCG-05-05-011 | 10.00  |  1.50  |   15.0|         |4     |1.5   |,,,,,
|MCG-05-05-028 |  5.00  |  5.00  |   15.0|         |2.5   |2     |,,,,,
|MCG-05-16-010 |  5.00  |  5.00  |   16.0|         |0     |0     |,,,,,
|MCG-05-16-009 |  3.00  |  3.00  |   16.0|         |0     |0     |,,,,,
|MCG-05-49-013 |  2.30  |  2.00  |   15.0|         |0     |0     |,,,,,
|MCG-05-07-003 |  6.00  |  4.00  |   16.0|         |0     |0     |,,,,,
|MCG-05-07-037 |  4.00  |  3.00  |   15.0|         |0     |0     |,,,,,
|MCG-05-04-008 |  6.00  |  5.00  |   15.0|         |2     |1.5   |,,,,,
|MCG-05-03-019 | 10.00  |  4.00  |   15.0|         |1.5   |1.5   |,,,,,
|MCG-05-45-005 |  5.00  |  5.00  |   15.0|         |2     |2     |,,,,,
|MCG-05-32-056 | 15.00  |  2.00  |   15.0|         |3     |1.5   |,,,,,
|MCG-05-23-016 |  8.00  |  5.00  |   14.0|         |4     |3     |,,,,,
|MCG-05-33-008 | 10.00  | 10.00  |   14.0|NGC 5292 |2     |2     |,,,,,
|MCG-05-03-018 |  2.00  |  1.50  |   15.0|         |0     |0     |,,,,,
|MCG-05-03-017 |  0.00  |  0.00  |   15.0|         |2     |1.5   |,,,,,
|MCG-05-31-013 | 12.00  | 12.00  |   15.0|NGC 4903 |1     |1     |,,,,,
|MCG-05-14-007 |  5.00  |  3.00  |   15.0|NGC 1992 |1.5   |1.5   |,,,,,
|MCG-05-53-005 |  6.00  |  4.00  |   16.0|         |4     |1.5   |,,,,,
|MCG-05-31-018 |  4.00  |  3.00  |   15.0|         |2     |2     |,,,,,
|MCG-05-53-003 |  6.00  |  1.50  |   15.0|         |3     |1.5   |,,,,,
|MCG-05-22-003 | 16.00  |  2.50  |   14.0|         |0     |0     |,,,,,
|MCG-05-47-002 |  4.00  |  3.00  |   15.0|         |2     |2     |,,,,,
|MCG-05-49-005 |  9.00  |  7.00  |   14.0|         |0     |0     |,,,,,
|MCG-05-47-001 |  3.00  |  2.00  |   15.0|         |0     |0     |,,,,,
|MCG-05-33-001 | 10.00  |  1.00  |   16.0|         |1     |1     |,,,,,
|MCG-05-48-017 | 20.00  | 10.00  |   12.0|NGC 6923 |5     |2.5   |,,,,,
|MCG-05-32-045 | 10.00  |  5.00  |   15.0|         |0     |0     |,,,,,
|MCG-05-47-004 |  6.00  |  4.00  |   15.0|         |4     |3     |,,,,,
|MCG-05-31-015 |  3.00  |  2.00  |   15.0|NGC 4905 |2     |2     |,,,,,
|MCG-05-04-001 | 12.00  |  2.00  |   15.0|         |0     |0     |,,,,,
|MCG-05-07-045 |  7.00  |  3.00  |   14.0|         |0     |0     |,,,,,
|MCG-05-54-016 | 14.00  |  2.00  |   14.0|         |7     |2     |,,,,,
|MCG-05-11-003 |  5.00  |  5.00  |   15.0|         |3     |3     |,,,,,
|MCG-05-22-002 | 10.00  |  5.00  |   16.0|         |3     |1     |,,,,,
|MCG-05-14-004 |  5.00  |  5.00  |   15.0|NGC 1989 |2     |2     |,,,,,
|MCG-05-02-007 |  8.00  |  5.00  |   15.0|         |3     |2.5   |,,,,,
|MCG-05-46-008 |  1.50  |  1.50  |   15.0|         |0     |0     |,,,,,
|MCG-05-47-003 |  4.00  |  3.00  |   15.0|         |2.5   |2.5   |,,,,,
|MCG-05-09-002 |  8.00  |  3.00  |   15.0|         |1.5   |1     |,,,,,
|MCG-05-03-021 |  9.00  |  7.00  |   15.0|         |0     |0     |,,,,,
|MCG-05-48-018 | 10.00  |  4.00  |   15.0|         |4     |2     |,,,,,
|MCG-05-10-007 | 10.00  |  4.00  |   14.0|         |6     |2     |,,,,,
|MCG-05-02-008 |  1.50  |  1.00  |   16.0|         |1     |1     |,,,,,
|MCG-05-33-014 |  8.00  |  2.00  |   15.0|         |2     |1     |,,,,,
|MCG-05-26-003 |  7.00  |  1.50  |   15.0|         |0     |0     |,,,,,
|MCG-05-31-023 |  6.00  |  3.00  |   15.0|         |2     |1.5   |,,,,,
|MCG-05-03-016 |  6.00  |  1.50  |   15.0|         |2     |1.5   |,,,,,
|MCG-05-10-008 |  5.00  |  4.00  |   15.0|         |0     |0     |,,,,,
|MCG-05-29-031 | 16.00  |  5.00  |   13.0|         |2     |2     |,,,,,
|MCG-05-05-027 |  4.00  |  2.50  |   16.0|         |0     |0     |,,,,,
|MCG-05-32-058 | 10.00  | 10.00  |   14.0|         |4     |4     |,,,,,
|MCG-05-33-024 |  6.00  |  6.00  |   15.0|         |0     |0     |,,,,,
|MCG-05-26-002 |  9.00  |  6.00  |   14.0|         |4     |2     |,,,,,
|MCG-05-07-044 |  6.00  |  5.00  |   15.0|         |3     |2     |,,,,,
|MCG-05-02-016 | 20.00  | 20.00  |   14.0|         |0     |0     |,,,,,
|MCG-05-04-033 |  5.00  |  1.50  |   15.0|         |3     |1.5   |,,,,,
|MCG-05-32-067 |  7.00  |  4.00  |   14.0|         |0     |0     |,,,,,
|MCG-05-47-010 |  9.00  |  3.00  |   15.0|         |0.7   |0.7   |,,,,,
|MCG-05-24-013 | 12.00  | 10.00  |   15.0|         |2     |1.5   |,,,,,
|MCG-05-01-043 |  7.00  |  2.00  |   16.0|         |4     |2     |,,,,,
|MCG-05-09-018 | 12.00  |  4.00  |   15.0|         |0     |0     |,,,,,
|MCG-05-09-014 | 14.00  | 14.00  |   15.0|         |1.5   |1.5   |,,,,,
|MCG-05-08-024 |  6.00  |  3.00  |   14.0|         |12    |5     |,,,,,
|MCG-05-01-044 |  8.00  |  8.00  |   15.0|         |1     |1     |,,,,,
|MCG-05-14-005 |  2.00  |  2.00  |   15.0|         |0     |0     |,,,,,
|MCG-05-29-035 |  6.00  |  4.00  |   15.0|         |2     |1.5   |,,,,,
|MCG-05-48-016 |  8.00  |  4.00  |   15.0|         |4     |1.5   |,,,,,
|MCG-05-50-007 |  6.00  |  4.00  |   15.0|         |0     |0     |,,,,,
|MCG-05-20-002 |  0.00  |  0.00  |   14.0|         |3     |3     |,,,,,
|MCG-05-08-002 | 10.00  |  6.00  |   15.0|         |2.5   |2.5   |,,,,,
|MCG-05-35-006 |  4.00  |  4.00  |   16.0|         |0     |0     |,,,,,
|MCG-05-01-026 |  5.00  |  5.00  |   15.0|         |2     |2     |,,,,,
|MCG-05-01-034 |  5.00  |  2.00  |   15.0|         |0     |0     |,,,,,
|MCG-05-01-020 |  3.00  |  2.00  |   15.0|         |0     |0     |,,,,,
|MCG-05-01-025 |  2.00  |  1.50  |   16.0|         |0     |0     |,,,,,
|MCG-05-34-001 | 20.00  | 17.00  |   12.0|NGC 5494 |0     |0     |,,,,,
|MCG-05-54-013 | 20.00  | 10.00  |   14.0|         |4     |2.5   |,,,,,
|MCG-05-52-043 | 16.00  | 14.00  |   12.0|NGC 7221 |6     |2     |,,,,,
|MCG-05-02-034 |  6.00  |  4.00  |   15.0|         |1.5   |1.5   |,,,,,
|MCG-05-04-037 |  6.00  |  6.00  |   15.0|         |0     |0     |,,,,,
|MCG-05-04-034 |  5.00  |  3.00  |   15.0|         |0     |0     |,,,,,
|MCG-05-23-002 |  8.00  |  2.00  |   16.0|         |3     |1     |,,,,,
|MCG-05-01-032 |  5.00  |  4.00  |   16.0|         |1.5   |1.5   |,,,,,
|MCG-05-33-022 |  4.00  |  3.00  |   15.0|NGC 5304 |1.5   |1.5   |,,,,,
|MCG-05-07-034 |  0.00  |  0.00  |   14.0|         |5     |5     |,,,,,
|MCG-05-02-004 |  5.00  |  4.00  |   15.0|         |0     |0     |,,,,,
|MCG-05-50-012 |  2.00  |  1.50  |   15.0|         |0     |0     |,,,,,
|MCG-05-50-014 |  2.00  |  2.00  |   15.0|         |0     |0     |,,,,,
|MCG-05-37-001 | 17.00  | 15.00  |   13.0|NGC 5968 |2     |1.5   |,,,,,
|MCG-05-48-013 |  4.00  |  4.00  |   15.0|         |2     |1.5   |,,,,,
|MCG-05-13-013 | 25.00  |  5.00  |   14.0|         |6     |2     |,,,,,
|MCG-05-53-009 |  8.00  |  3.50  |   15.0|         |0     |0     |,,,,,
|MCG-05-56-014 | 36.00  | 30.00  |   11.0|NGC 7755 |11    |11    |,,,,,
|MCG-05-50-013 |  6.00  |  4.00  |   15.0|         |2     |2     |,,,,,
|MCG-05-46-003 |  4.00  |  4.00  |   16.0|         |2     |2     |,,,,,
|MCG-05-31-028 |  0.00  |  0.00  |   12.0|NGC 4936 |5     |4     |,,,,,
|MCG-05-33-009 |  6.00  |  4.00  |   16.0|         |0.7   |0.7   |,,,,,
|MCG-05-33-011 |  5.00  |  1.50  |   15.0|         |1.5   |1.5   |,,,,,
|MCG-05-14-013 | 12.00  | 10.00  |   14.0|         |4     |2     |,,,,,
|MCG-05-32-012 |  6.00  |  2.00  |   15.0|         |0     |0     |,,,,,
|MCG-05-52-012 |  5.00  |  5.00  |   15.0|         |2     |1.5   |,,,,,
|MCG-05-27-006 |  6.00  |  4.00  |   15.0|         |2     |2     |,,,,,
|MCG-05-31-024 | 11.00  |  3.00  |   15.0|IC  844  |4     |2.5   |,,,,,
|MCG-05-33-018 | 10.00  |  8.00  |   14.0|NGC 5302 |2     |2     |,,,,,
|MCG-05-01-030 |  5.00  |  3.00  |   15.0|         |3     |2     |,,,,,
|MCG-05-54-007 | 10.00  |  6.00  |   14.0|         |3     |2     |,,,,,
|MCG-05-01-028 |  8.00  |  6.00  |   14.0|         |3.5   |2.5   |,,,,,
|MCG-05-48-029 | 12.00  |  4.00  |   15.0|         |3     |1.5   |,,,,,
|MCG-05-02-035 |  5.00  |  3.50  |   15.0|         |0     |0     |,,,,,
|MCG-05-26-013 |  8.00  |  6.00  |   15.0|         |0     |0     |,,,,,
|MCG-05-27-011 |  3.00  |  2.00  |   15.0|         |0     |0     |,,,,,
|MCG-05-01-013 |  3.00  |  2.50  |   15.0|         |0     |0     |,,,,,
|MCG-05-01-012 |  5.00  |  3.00  |   16.0|         |0.7   |0     |,,,,,
|MCG-05-33-010 |  6.00  |  6.00  |   15.0|         |1.5   |1.5   |,,,,,
|MCG-05-33-015 | 10.00  |  4.00  |   14.0|NGC 5298 |0     |0     |,,,,,
|MCG-05-08-001 | 15.00  | 15.00  |   14.0|         |3     |3     |,,,,,
|MCG-05-23-014 | 23.00  | 15.00  |   13.0|NGC 3001 |7     |4     |,,,,,
|MCG-05-54-011 |  7.00  |  4.00  |   15.0|         |2     |1.3   |,,,,,
|MCG-05-12-014 | 10.00  |  7.00  |   15.0|         |1     |1     |,,,,,
|MCG-05-03-007 |  8.00  |  3.00  |   15.0|         |2     |1     |,,,,,
|MCG-05-32-008 |  8.00  |  4.00  |   15.0|         |3     |2     |,,,,,
|MCG-05-47-022 | 12.00  |  9.00  |   14.0|         |6     |3     |,,,,,
|MCG-05-04-003 | 16.00  | 12.00  |   13.0|IC 1637  |3     |2     |,,,,,
|MCG-05-52-060 |  9.00  |  6.00  |   14.0|         |2     |1.5   |,,,,,
|MCG-05-33-005 |  4.00  |  1.00  |   16.0|         |0     |0     |,,,,,
|MCG-05-27-016 |  4.00  |  4.00  |   14.0|IC 2913  |0     |0     |,,,,,
|MCG-05-30-009 | 10.00  |  6.00  |   15.0|         |3     |1.5   |,,,,,
|MCG-05-10-013 | 12.00  | 10.00  |   14.0|         |6     |4     |,,,,,
|MCG-05-18-006 | 13.00  | 13.00  |   14.0|         |1.5   |1.5   |,,,,,
|MCG-05-33-006 |  7.00  |  4.00  |   15.0|NGC 5291 |3     |2     |,,,,,
|MCG-05-24-023 |  6.00  |  3.00  |   16.0|         |0     |0     |,,,,,
|MCG-05-45-006 |  1.50  |  1.50  |   15.0|         |0     |0     |,,,,,
|MCG-05-25-007 | 15.00  | 10.00  |   14.0|         |0     |0     |,,,,,
|MCG-05-25-009 | 10.00  |  8.00  |   14.0|IC 2588  |3     |2     |,,,,,
|MCG-05-32-047 |  7.00  |  6.00  |   15.0|         |2.5   |2     |,,,,,
|MCG-05-23-003 |  0.00  |  0.00  |   13.0|NGC 2904 |4     |3     |,,,,,
|MCG-05-32-070 |  4.00  |  2.00  |   15.0|         |0     |0     |,,,,,
|MCG-05-51-030 |  4.00  |  4.00  |   15.0|         |0     |0     |,,,,,
|MCG-05-02-033 |  9.00  |  2.00  |   15.0|         |0     |0     |,,,,,
|MCG-05-32-017 | 12.00  |  4.00  |   15.0|IC 4247  |0     |0     |,,,,,
|MCG-05-04-038 |  6.00  |  4.00  |   15.0|         |3     |2.5   |,,,,,
|MCG-05-23-011 | 30.00  |  2.00  |   15.0|         |0     |0     |,,,,,
|MCG-05-29-020 | 18.00  | 18.00  |   14.0|IC 3010  |3     |3     |,,,,,
|MCG-05-24-011 | 16.00  |  6.00  |   14.0|NGC 3082 |4     |3     |,,,,,
|MCG-05-23-004 |  7.00  |  7.00  |   14.0|         |2.5   |2.5   |,,,,,
|MCG-05-33-032 |  0.00  |  0.00  |   14.0|NGC 5357 |3     |2.5   |,,,,,
|MCG-05-32-010 | 12.00  |  3.00  |   14.0|NGC 5126 |3     |1     |,,,,,
|MCG-05-35-007 |  3.00  |  3.00  |   15.0|         |1.5   |1.5   |,,,,,
|MCG-05-25-006 | 12.00  |  9.00  |   14.0|IC 2582  |6     |3     |,,,,,
|MCG-05-07-015 |  5.00  |  4.00  |   14.0|         |0     |0     |,,,,,
|MCG-05-16-005 |  6.00  |  4.00  |   15.0|         |0     |0     |,,,,,
|MCG-05-33-021 |  8.00  |  2.00  |   15.0|         |2     |2     |,,,,,
|MCG-05-32-009 | 15.00  |  4.00  |   13.0|NGC 5124 |6     |3     |,,,,,
|MCG-05-27-015 | 55.00  | 10.00  |   12.0|NGC 3717 |16    |3     |,,,,,
|MCG-05-33-036 | 25.00  | 20.00  |   14.0|         |0     |0     |,,,,,
|MCG-05-33-019 |  0.00  |  0.00  |   14.0|IC 4329  |2     |2     |,,,,,
|MCG-05-25-031 | 20.00  |  4.00  |   14.0|         |6     |2     |,,,,,
|MCG-05-07-024 | 80.00  | 70.00  |   10.0|NGC 1097 |32    |11    |,,,,,
|MCG-05-23-005 |  9.00  |  2.50  |   14.0|         |0     |0     |,,,,,
|MCG-05-34-004 |  3.00  |  2.00  |   15.0|         |0     |0     |,,,,,
|MCG-05-33-023 |  6.00  |  1.00  |   15.0|         |1.5   |1     |,,,,,
|MCG-05-56-017 |  6.00  |  4.00  |   15.0|         |2     |2     |,,,,,
|MCG-05-25-035 | 12.00  |  4.00  |   14.0|         |0     |0     |,,,,,
|MCG-05-25-011 | 12.00  | 10.00  |   16.0|         |3     |1     |,,,,,
|MCG-05-24-012 | 28.00  |  4.00  |   14.0|         |5     |2     |,,,,,
|MCG-05-56-028 |  4.00  |  3.00  |   15.0|         |0     |0     |,,,,,
|MCG-05-07-022 |  0.00  |  0.00  |   14.0|         |6     |3     |,,,,,
|MCG-05-31-030 |  5.00  |  3.00  |   15.0|         |0     |0     |,,,,,
|MCG-05-10-009 |  3.00  |  3.00  |   16.0|         |1     |1     |,,,,,
|MCG-05-04-002 | 20.00  | 18.00  |   13.0|NGC  418 |8     |6     |,,,,,
|MCG-05-32-075 |  4.00  |  2.00  |   15.0|IC 4324  |0     |0     |,,,,,
|MCG-05-09-011 |  9.00  |  7.00  |   14.0|         |3     |3     |,,,,,
|MCG-05-33-016 |  6.00  |  4.00  |   16.0|IC 4327  |0     |0     |,,,,,
|MCG-05-56-031 |  9.00  |  8.00  |   15.0|         |2.5   |2     |,,,,,
|MCG-05-03-024 | 14.00  | 10.00  |   14.0|NGC  378 |4     |2     |,,,,,
|MCG-05-25-034 | 14.00  | 12.00  |   14.0|         |4     |3     |,,,,,
|MCG-05-29-006 |  6.00  |  2.50  |   15.0|         |2     |2     |,,,,,
|MCG-05-31-029 |  4.00  |  4.00  |   15.0|         |2     |2     |,,,,,
|MCG-05-03-025 |  6.00  |  1.50  |   16.0|         |0     |0     |,,,,,
|MCG-05-28-008 |  4.00  |  3.00  |   15.0|         |2     |1.5   |,,,,,
|MCG-05-25-014 | 12.00  |  2.00  |   15.0|         |3     |1     |,,,,,
|MCG-05-01-041 | 10.00  |  2.00  |   15.0|         |0     |0     |,,,,,
|MCG-05-23-007 | 11.00  |  8.00  |   14.0|         |3     |2.5   |,,,,,
|MCG-05-01-017 | 10.00  |  5.00  |   15.0|         |0     |0     |,,,,,
|MCG-05-17-002 | 10.00  |  5.00  |   15.0|IC  456  |4     |4     |,,,,,
|MCG-05-32-073 |  5.00  |  3.00  |   15.0|IC 4321  |2     |1.5   |,,,,,
|MCG-05-30-002 | 10.00  |  6.00  |   15.0|NGC 4456:|2     |1.5   |,,,,,
|MCG-05-53-029 |  5.00  |  2.50  |   15.0|         |0     |0     |,,,,,
|MCG-05-16-016 |  8.00  |  6.00  |   15.0|         |0     |0     |,,,,,
|MCG-05-14-011 | 14.00  |  8.00  |   14.0|NGC 2049 |4     |2     |,,,,,
|MCG-05-32-042 |  5.00  |  4.00  |   15.0|         |2     |1.5   |,,,,,
|MCG-05-31-031 |  4.00  |  3.00  |   15.0|         |1     |1     |,,,,,
|MCG-05-29-027 |  4.00  |  2.00  |   15.0|         |0     |0     |,,,,,
|MCG-05-45-001 |  8.00  |  2.00  |   15.0|         |3     |2     |,,,,,
|MCG-05-28-005 | 12.00  |  2.00  |   15.0|         |0     |0     |,,,,,
|MCG-05-29-026 | 12.00  |  4.00  |   15.0|         |3     |2     |,,,,,
|MCG-05-50-005 |  6.00  |  4.00  |   15.0|         |2     |2     |,,,,,
|MCG-05-53-027 | 40.00  |  8.00  |   12.0|NGC 7361 |16    |4     |,,,,,
|MCG-05-51-013 |  4.00  |  4.00  |   15.0|         |0     |0     |,,,,,
|MCG-05-53-007 |  8.00  |  7.00  |   15.0|         |4     |3     |,,,,,
|MCG-05-31-017 |  4.00  |  2.00  |   15.0|         |2     |1.7   |,,,,,
|MCG-05-50-015 |  8.00  |  2.00  |   15.0|         |0     |0     |,,,,,
|MCG-05-26-001 | 12.00  | 10.00  |   15.0|         |2     |1.5   |,,,,,
|MCG-05-52-052 | 10.00  |  2.50  |   14.0|         |6     |2     |,,,,,
|MCG-05-29-018 | 22.00  |  3.00  |   13.0|IC 3005  |0     |0     |,,,,,
|MCG-05-02-019 | 12.00  |  8.00  |   14.0|IC 1555  |4     |3     |,,,,,
|MCG-05-32-074 |  2.50  |  2.00  |   15.0|         |0     |0     |,,,,,
|MCG-05-02-021 |  6.00  |  4.00  |   15.0|         |0.1   |0.1   |,,,,,
|MCG-05-33-045 |  8.00  |  5.00  |   14.0|NGC 5464 |5     |3     |,,,,,
|MCG-05-29-009 |  8.00  |  2.00  |   14.0|IC 2996  |0     |0     |,,,,,
|MCG-05-04-032 |  9.00  |  2.00  |   16.0|         |3     |2     |,,,,,
|MCG-05-10-001 |  9.00  |  6.00  |   15.0|         |1     |1     |,,,,,
|MCG-05-24-022 |  8.00  |  4.00  |   14.0|NGC 3125 |5     |3.5   |,,,,,
|MCG-05-02-032 |  5.00  |  5.00  |   14.0|         |0     |0     |,,,,,
|MCG-05-05-023 | 20.00  | 14.00  |   14.0|NGC  749 |8     |3     |,,,,,
|MCG-05-01-037 | 20.00  |  4.00  |   13.0|NGC    7 |0     |0     |,,,,,
|MCG-05-51-011 | 13.00  | 11.00  |   16.0|         |2     |0.7   |,,,,,
|MCG-05-06-012 | 10.00  |  2.50  |   15.0|         |0     |0     |,,,,,
|MCG-05-05-002 |  7.00  |  2.00  |   15.0|NGC  639 |4     |2     |,,,,,
|MCG-05-15-001 | 10.00  |  8.00  |   15.0|         |1     |0.5   |,,,,,
|MCG-05-33-027 | 12.00  |  1.50  |   15.0|         |3     |1.5   |,,,,,
|MCG-05-53-008 |  5.00  |  2.00  |   15.0|         |0     |0     |,,,,,
|MCG-05-32-066 | 16.00  |  8.00  |   13.0|NGC 5264 |0     |0     |,,,,,
|MCG-05-16-004 | 10.00  |  8.00  |   15.0|         |2.5   |2     |,,,,,
|MCG-05-05-003 | 20.00  | 13.00  |   14.0|NGC  642 |8     |5     |,,,,,
|MCG-05-51-007 |  3.00  |  2.00  |   15.0|         |0     |0     |,,,,,
|MCG-05-10-014 | 12.00  | 10.00  |   14.0|         |0.7   |0.7   |,,,,,
|MCG-05-47-021 |  4.00  |  2.50  |   15.0|         |0     |0     |,,,,,
|MCG-05-09-023 | 60.00  | 25.00  |   12.0|NGC 1425 |8     |4     |,,,,,
|MCG-05-01-014 |  5.00  |  3.00  |   15.0|         |2     |2     |,,,,,
|MCG-05-51-006 |  3.00  |  3.00  |   15.0|         |1.5   |1.5   |,,,,,
|MCG-05-48-004 |  4.00  |  4.00  |   16.0|         |1     |1     |,,,,,
|MCG-05-01-004 |  0.00  |  0.00  |   16.0|         |1.5   |1.5   |,,,,,
|MCG-05-52-030 |  7.00  |  6.00  |   15.0|         |1.5   |1.2   |,,,,,
|MCG-05-12-010 | 10.00  |  6.00  |   14.0|NGC 1701 |0     |0     |,,,,,
|MCG-05-32-018 |  9.00  |  6.00  |   14.0|IC 4248  |3     |3     |,,,,,
|MCG-05-32-050 |105.00  |105.00  |    9.0|NGC 5236 |20    |15    |,,,,,
|MCG-05-49-001 | 22.00  |  5.00  |   13.0|IC 5039  |8     |4     |,,,,,
|MCG-05-08-003 |  8.00  |  3.00  |   15.0|         |4     |2     |,,,,,
|MCG-05-49-004 |  0.00  |  0.00  |   15.0|         |3     |2.5   |,,,,,
|MCG-05-12-013 |  8.00  |  7.00  |   16.0|         |0.5   |0.5   |,,,,,
|MCG-05-48-005 |  4.00  |  4.00  |   15.0|         |2     |2     |,,,,,
|MCG-05-01-018 |  3.00  |  3.00  |   15.0|         |2     |2     |,,,,,
|MCG-05-30-011 | 17.00  |  4.00  |   14.0|         |4     |4     |,,,,,
|MCG-05-10-012 | 20.00  | 15.00  |   14.0|         |5     |4     |,,,,,
|MCG-05-32-013 | 16.00  | 15.00  |   13.0|NGC 5135 |5     |4     |,,,,,
|MCG-05-47-023 |  9.00  |  8.00  |   14.0|         |2     |1.5   |,,,,,
|MCG-05-31-025 | 25.00  |  4.00  |   15.0|         |0     |0     |,,,,,
|MCG-05-33-004 |  2.00  |  2.00  |   15.0|         |0     |0     |,,,,,
|MCG-05-32-071 | 12.00  |  5.00  |   14.0|IC 4319  |1.5   |1.5   |,,,,,
|MCG-05-50-002 |  8.00  |  8.00  |   14.0|         |4     |4     |,,,,,
|MCG-05-29-014 |  0.00  |  0.00  |   12.0|NGC 4106 |7     |5     |,,,,,
|MCG-05-51-001 |  3.00  |  2.00  |   15.0|         |0     |0     |,,,,,
|MCG-05-11-010 |  5.00  |  4.00  |   15.0|         |1     |1     |,,,,,
|MCG-05-31-007 |  5.00  |  3.00  |   15.0|         |3     |2     |,,,,,
|MCG-05-29-013 |  0.00  |  0.00  |   11.0|NGC 4105 |9     |7     |,,,,,
|MCG-05-14-010 |  8.00  |  5.00  |   14.0|         |0     |0     |,,,,,
|MCG-05-55-021 |  8.00  |  5.00  |   15.0|         |3     |1.5   |,,,,,
|MCG-05-34-015 |  4.00  |  4.00  |   15.0|NGC 5626 |2     |2     |,,,,,
|MCG-05-01-016 |  0.00  |  0.00  |   15.0|         |2.5   |2     |,,,,,
|MCG-05-31-034 |  0.00  |  0.00  |   15.0|NGC 4955 |3     |2.5   |,,,,,
|MCG-05-34-007 |  4.00  |  4.00  |   15.0|         |2     |2     |,,,,,
|MCG-05-11-013 |  4.00  |  3.00  |   15.0|         |2     |1.5   |,,,,,
|MCG-05-11-012 |  6.00  |  5.00  |   15.0|         |3     |2.5   |,,,,,
|MCG-05-51-015 |  0.00  |  0.00  |   15.0|         |3     |3     |,,,,,
|MCG-05-13-014 | 10.00  |  2.00  |   15.0|         |0     |0     |,,,,,
|MCG-05-54-018 | 16.00  |  6.00  |   14.0|         |6     |3     |,,,,,
|MCG-05-29-025 | 45.00  | 15.00  |   13.0|IC  764  |20    |4     |,,,,,
|MCG-05-32-038 |  8.00  |  4.00  |   15.0|IC 4275  |0     |0     |,,,,,
|MCG-05-28-003 |  9.00  |  4.00  |   15.0|         |1.5   |1     |,,,,,
|MCG-05-48-023 | 10.00  |  2.50  |   15.0|         |0     |0     |,,,,,
|MCG-05-49-002 | 20.00  | 13.00  |   13.0|IC 5041  |4     |2     |,,,,,
|MCG-05-50-001 |  6.00  |  4.00  |   15.0|         |1.5   |1.5   |,,,,,
|MCG-05-14-002 |  7.00  |  4.00  |   15.0|         |1     |1     |,,,,,
|MCG-05-11-015 |  5.00  |  4.00  |   15.0|         |3     |2     |,,,,,
|MCG-05-18-004 | 12.00  | 10.00  |   15.0|         |4     |3     |,,,,,
|MCG-05-29-004 |  6.00  |  5.00  |   15.0|         |0.5   |0.5   |,,,,,
|MCG-05-29-033 |  8.00  |  6.00  |   15.0|         |1.5   |1     |,,,,,
|MCG-05-24-015 | 70.00  |  5.00  |   13.0|IC 2531  |5     |4     |,,,,,
|MCG-05-12-001 |  6.00  |  3.00  |   15.0|         |1.5   |1.5   |,,,,,
|MCG-05-33-012 |  6.00  |  6.00  |   15.0|IC 4326  |1.5   |1.5   |,,,,,
|MCG-05-54-024 |  4.00  |  4.00  |   15.0|         |2     |2     |,,,,,
|MCG-05-32-025 |  0.00  |  0.00  |   14.0|NGC 5153 |4     |3.5   |,,,,,
|MCG-05-32-024 | 16.00  |  4.00  |   14.0|NGC 5152 |2     |2     |,,,,,
|MCG-05-31-009 | 14.00  |  2.00  |   15.0|         |0     |0     |,,,,,
|MCG-05-07-007 |  5.00  |  3.00  |   15.0|         |2.5   |2     |,,,,,
|MCG-05-07-027 |  6.00  |  2.50  |   15.0|         |0     |0     |,,,,,
|MCG-05-34-002 | 20.00  | 20.00  |   15.0|         |0     |0     |,,,,,
|MCG-05-25-033 | 12.00  |  8.00  |   15.0|         |0     |0     |,,,,,
|MCG-05-51-014 |  5.00  |  4.00  |   15.0|         |0     |0     |,,,,,
|MCG-05-07-006 |  0.00  |  0.00  |   15.0|         |2.5   |2     |,,,,,
|MCG-05-02-029 |  2.00  |  1.00  |   15.0|         |0     |0     |,,,,,
|MCG-05-20-003 | 13.00  | 12.00  |   15.0|         |0     |0     |,,,,,
|MCG-05-56-033 |  6.00  |  4.00  |   15.0|         |2.5   |2     |,,,,,
|MCG-05-50-004 | 14.00  |  4.00  |   14.0|         |5     |2     |,,,,,
|MCG-05-32-023 | 10.00  | 10.00  |   14.0|NGC 5150 |4     |3     |,,,,,
|MCG-05-02-010 |  4.00  |  4.00  |   16.0|         |0.5   |0     |,,,,,
|MCG-05-56-003 | 10.00  | 10.00  |   14.0|NGC 7749 |2.5   |2.5   |,,,,,
|MCG-05-46-001 |  2.00  |  2.00  |   15.0|         |0     |0     |,,,,,
|MCG-05-32-002 |  6.00  |  6.00  |   15.0|         |2     |2     |,,,,,
|MCG-05-17-001 | 10.00  |  4.00  |   16.0|         |1.5   |1.5   |,,,,,
|MCG-05-32-014 |  6.00  |  5.00  |   15.0|         |0.7   |0.7   |,,,,,
|MCG-05-55-014 |  4.00  |  2.50  |   15.0|         |2     |2     |,,,,,
|MCG-05-29-002 |  5.00  |  4.00  |   15.0|         |0     |0     |,,,,,
|MCG-05-31-003 | 10.00  |  8.00  |   14.0|NGC 4806 |3     |1.5   |,,,,,
|MCG-05-50-017 |  6.00  |  5.00  |   15.0|         |2.5   |2     |,,,,,
|MCG-05-51-004 |  3.00  |  2.00  |   15.0|         |0     |0     |,,,,,
|MCG-05-53-032 |  6.00  |  6.00  |   15.0|         |0     |0     |,,,,,
|MCG-05-55-008 |  4.00  |  3.00  |   15.0|         |0     |0     |,,,,,
|MCG-05-02-028 | 10.00  |  5.00  |   14.0|NGC  174 |0     |0     |,,,,,
|MCG-05-32-001 |  5.00  |  4.00  |   15.0|         |2     |2     |,,,,,
|MCG-05-56-027 |  7.00  |  2.00  |   15.0|         |4     |2     |,,,,,
|MCG-05-51-027 |  4.00  |  2.50  |   15.0|         |2.5   |2     |,,,,,
|MCG-05-33-007 |  8.00  |  3.00  |   16.0|IC 4325  |2     |0.7   |,,,,,
|MCG-05-32-021 |  4.00  |  4.00  |   15.0|IC 4251  |1.5   |1.5   |,,,,,
|MCG-05-27-009 |  6.00  |  5.00  |   15.0|         |1.5   |1.5   |,,,,,
|MCG-05-52-051 | 12.00  | 11.00  |   12.0|NGC 7229 |0     |0     |,,,,,
|MCG-05-17-006 |  7.00  |  5.00  |   14.0|         |5     |3     |,,,,,
|MCG-05-13-010 | 12.00  |  2.00  |   15.0|         |2     |1     |,,,,,
|MCG-05-51-010 | 11.00  |  1.50  |   15.0|         |4     |1.5   |,,,,,
|MCG-05-37-003 | 15.00  | 13.00  |   13.0|NGC 6000 |6     |2     |,,,,,
|MCG-05-04-044 | 50.00  | 50.00  |   11.0|NGC  613 |25    |8     |,,,,,
|MCG-05-27-010 |  6.00  |  3.00  |   15.0|         |2     |1.5   |,,,,,
|MCG-05-14-009 | 14.00  |  4.00  |   15.0|         |2     |1     |,,,,,
|MCG-05-26-011 |  6.00  |  2.00  |   15.0|         |0     |0     |,,,,,
|MCG-05-46-002 | 10.00  |  5.00  |   15.0|         |2     |1.5   |,,,,,
|MCG-05-55-007 | 13.00  |  1.00  |   14.0|NGC 7645 |4     |3.5   |,,,,,
|MCG-05-02-012 |  8.00  |  5.00  |   15.0|         |4     |2.5   |,,,,,
|MCG-05-18-001 |  8.00  |  8.00  |   15.0|         |4     |4     |,,,,,
|MCG-05-47-024 | 11.00  |  1.50  |   15.0|         |0     |0     |,,,,,
|MCG-05-14-001 |  5.00  |  4.00  |   15.0|         |1     |1     |,,,,,
|MCG-05-51-020 | 10.00  |  5.00  |   14.0|NGC 7152 |0     |0     |,,,,,
|MCG-05-18-002 | 11.00  |  6.00  |   15.0|         |3     |2     |,,,,,
|MCG-05-29-010 | 12.00  |  4.00  |   14.0|IC  760  |0     |0     |,,,,,
|MCG-05-33-034 | 40.00  | 10.00  |   14.0|IC 4351  |4     |2     |,,,,,
|MCG-05-55-005 |  6.00  |  4.00  |   15.0|NGC 7636 |3     |2.5   |,,,,,
|MCG-05-55-032 |  3.00  |  3.00  |   15.0|         |2     |2     |,,,,,
|MCG-05-13-008 | 14.00  |  4.00  |   15.0|NGC 1811 |4     |1.5   |,,,,,
|MCG-05-06-003 |  7.00  |  2.50  |   15.0|         |0     |0     |,,,,,
|MCG-05-13-009 |  8.00  |  5.00  |   14.0|NGC 1812 |4     |2.5   |,,,,,
|MCG-05-34-010 | 12.00  |  6.00  |   15.0|         |0     |0     |,,,,,
|MCG-05-01-039 |  5.00  |  4.00  |   15.0|         |0     |0     |,,,,,
|MCG-05-31-008 |  1.50  |  1.50  |   15.0|         |0     |0     |,,,,,
|MCG-05-14-006 |  0.00  |  0.00  |   14.0|         |4     |4     |,,,,,
|MCG-05-28-009 |  0.00  |  0.00  |   12.0|NGC 3904 |6     |5     |,,,,,
|MCG-05-27-013 | 10.00  |  3.00  |   15.0|         |1.5   |1     |,,,,,
|MCG-05-18-003 | 12.00  |  5.00  |   14.0|         |3     |3     |,,,,,
|MCG-05-50-016 |  6.00  |  4.00  |   15.0|         |1     |1     |,,,,,
|MCG-05-34-009 | 30.00  | 25.00  |   14.0|NGC 5556 |2     |1     |,,,,,
|MCG-05-55-033 |  0.00  |  0.00  |   15.0|         |1.5   |1.5   |,,,,,
|MCG-05-01-046 | 10.00  |  2.00  |   15.0|         |0     |0     |,,,,,
|MCG-05-04-004 |  8.00  |  2.00  |   14.0|NGC  423 |0     |0     |,,,,,
|MCG-05-51-018 |  7.00  |  2.00  |   15.0|         |2     |2     |,,,,,
|MCG-05-31-001 |  5.00  |  4.00  |   16.0|         |1.5   |1.5   |,,,,,
|MCG-05-52-056 |  0.00  |  0.00  |   14.0|         |4     |3.5   |,,,,,
|MCG-05-12-003 | 15.00  | 13.00  |   14.0|         |0     |0     |,,,,,
|MCG-05-07-008 |  8.00  |  5.00  |   15.0|         |3     |1.5   |,,,,,
|MCG-05-24-030 |  6.00  |  4.00  |   15.0|         |1     |1     |,,,,,
|MCG-05-32-019 |  6.00  |  5.00  |   15.0|         |1.5   |1.5   |,,,,,
|MCG-05-56-008 |  4.00  |  1.50  |   15.0|         |0     |0     |,,,,,
|MCG-05-56-020 | 11.00  |  6.00  |   15.0|         |3     |1.5   |,,,,,
|MCG-05-01-009 |  5.00  |  3.00  |   15.0|         |2     |2     |,,,,,
|MCG-05-51-012 |  6.00  |  4.00  |   15.0|         |0     |0     |,,,,,
|MCG-05-23-013 | 11.00  |  5.00  |   16.0|         |0.7   |0.7   |,,,,,
|MCG-05-51-022 | 20.00  |  2.00  |   14.0|NGC 7153 |6     |2     |,,,,,
|MCG-05-29-003 | 12.00  |  6.00  |   14.0|         |4     |2     |,,,,,
|MCG-05-56-007 |  4.00  |  3.00  |   15.0|         |2.5   |2     |,,,,,
|MCG-05-56-026 |  3.00  |  3.00  |   15.0|         |0     |0     |,,,,,
|MCG-05-52-032 |  6.00  |  4.00  |   14.0|         |0     |0     |,,,,,
|MCG-05-13-001 |  4.00  |  4.00  |   15.0|         |1.5   |1.5   |,,,,,
|MCG-05-29-032 | 10.00  |  2.00  |   15.0|         |0     |0     |,,,,,
|MCG-05-55-028 |  0.00  |  0.00  |   15.0|         |2     |2     |,,,,,
|MCG-05-01-011 | 18.00  | 10.00  |   14.0|         |5     |2     |,,,,,
|MCG-05-32-049 |  8.00  |  3.00  |   15.0|IC 4295  |0     |0     |,,,,,
|MCG-05-54-003 |  6.00  |  5.00  |   15.0|         |2.5   |2.5   |,,,,,
|MCG-05-05-013 |  0.00  |  0.00  |   15.0|         |2     |2     |,,,,,
|MCG-05-46-004 |  4.00  |  4.00  |   16.0|         |1.5   |1.5   |,,,,,
|MCG-05-24-024 | 60.00  | 20.00  |   13.0|NGC 3137 |8     |4     |,,,,,
|MCG-05-52-013 | 12.00  | 10.00  |   15.0|         |3     |2     |,,,,,
|MCG-05-45-004 |  5.00  |  4.00  |   15.0|         |1     |1     |,,,,,
|MCG-05-28-017 |  0.00  |  0.00  |   16.0|         |1.5   |1.5   |,,,,,
|MCG-05-56-029 |  4.00  |  4.00  |   15.0|         |2     |2     |,,,,,
|MCG-05-01-007 |  3.00  |  3.00  |   15.0|         |1.5   |1.5   |,,,,,
|MCG-05-56-018 |  6.00  |  4.00  |   15.0|         |4     |2.5   |,,,,,
|MCG-05-01-008 |  6.00  |  6.00  |   14.0|IC 5364: |2     |2     |,,,,,
|MCG-05-47-025 |  7.00  |  6.00  |   15.0|         |2     |1.5   |,,,,,
|MCG-05-52-070 | 24.00  |  2.00  |   13.0|         |0     |0     |,,,,,
|MCG-05-56-021 |  4.00  |  4.00  |   15.0|         |2     |2     |,,,,,
|MCG-05-52-041 |  7.00  |  4.00  |   15.0|         |2     |1.7   |,,,,,
|MCG-05-07-017 | 18.00  | 11.00  |   12.0|NGC 1079 |0     |0     |,,,,,
|MCG-05-16-012 |  5.00  |  5.00  |   16.0|         |2     |2     |,,,,,
|MCG-05-52-069 |  0.00  |  0.00  |   12.0|NGC 7259 |5     |4     |,,,,,
|MCG-05-27-012 | 10.00  | 10.00  |   13.0|         |4     |3     |,,,,,
|MCG-05-05-015 | 10.00  |  4.00  |   15.0|         |3     |1.5   |,,,,,
|MCG-05-32-069 |  8.00  |  8.00  |   15.0|IC 4318  |4     |2.5   |,,,,,
|MCG-05-15-002 | 30.00  | 20.00  |   16.0|         |5     |1.5   |,,,,,
|MCG-05-24-029 | 12.00  |  2.00  |   15.0|         |2     |1.5   |,,,,,
|MCG-05-55-003 |  5.00  |  5.00  |   15.0|         |3     |2     |,,,,,
|MCG-05-30-008 |  6.00  |  4.00  |   16.0|         |2     |1     |,,,,,
|MCG-05-33-046 | 12.00  |  2.00  |   15.0|         |2     |1     |,,,,,
|MCG-05-30-007 |  6.00  |  2.00  |   16.0|         |1.3   |1     |,,,,,
|MCG-05-05-008 | 12.00  |  8.00  |   14.0|IC 1720  |4     |3     |,,,,,
|MCG-05-02-030A|  7.00  |  2.00  |   15.0|         |0     |0     |,,,,,
|MCG-05-26-006 |  4.00  |  4.00  |   15.0|         |2     |1.5   |,,,,,
|MCG-05-28-018 |  5.00  |  5.00  |   15.0|         |2     |2     |,,,,,
|MCG-05-05-021 |  6.00  |  4.00  |   15.0|         |2.5   |2     |,,,,,
|MCG-05-24-025 |  0.00  |  0.00  |   16.0|         |2     |2     |,,,,,
|MCG-05-25-026 |  8.00  |  3.00  |   15.0|         |2     |2     |,,,,,
|MCG-05-10-006 | 18.00  |  2.50  |   14.0|         |6     |2     |,,,,,
|MCG-05-01-040 | 10.00  | 10.00  |   15.0|         |1.5   |1.5   |,,,,,
|MCG-05-32-062 |  4.00  |  3.00  |   15.0|IC 4316  |0     |0     |,,,,,
|MCG-05-24-028 | 45.00  | 15.00  |   12.0|NGC 3175 |11    |3     |,,,,,
|MCG-05-25-028 | 12.00  |  2.00  |   15.0|         |4     |2     |,,,,,
|MCG-05-32-035 |  4.00  |  4.00  |   15.0|IC 4273  |1.5   |1.3   |,,,,,
|MCG-05-23-008 |  6.00  |  5.00  |   14.0|         |3     |2     |,,,,,
|MCG-05-33-035 |  4.00  |  2.50  |   15.0|NGC 5393 |0     |0     |,,,,,
|MCG-05-52-044 |  4.00  |  4.00  |   15.0|         |1.5   |1.2   |,,,,,
|MCG-05-51-028 |  4.00  |  3.50  |   14.0|         |4     |3.5   |,,,,,
|MCG-05-52-017 | 10.00  |  2.00  |   15.0|         |0     |0     |,,,,,
|MCG-05-55-015 |  8.00  |  3.00  |   14.0|IC 5326  |5     |2.5   |,,,,,
|MCG-05-54-017 |  4.00  |  2.00  |   15.0|         |0     |0     |,,,,,
|MCG-05-55-018 |  8.00  |  4.00  |   14.0|         |0     |0     |,,,,,
|MCG-05-03-023 |  6.00  |  4.00  |   15.0|         |0     |0     |,,,,,
|MCG-05-28-012 |  0.00  |  0.00  |   11.0|NGC 3923 |10    |6     |,,,,,
|MCG-05-09-008 |  2.00  |  2.00  |   15.0|         |0     |0     |,,,,,
|MCG-05-09-009 |  7.00  |  6.00  |   15.0|         |1     |1     |,,,,,
|MCG-05-25-038 |  5.00  |  4.00  |   15.0|         |2.5   |2     |,,,,,
|MCG-05-51-026 |  5.00  |  2.00  |   15.0|         |2     |2     |,,,,,
|MCG-05-25-027 |  0.00  |  0.00  |   15.0|         |3     |2.5   |,,,,,
|MCG-05-55-006 |  5.00  |  3.00  |   15.0|         |1     |1     |,,,,,
|MCG-05-34-016 | 12.00  |  4.00  |   15.0|         |2     |1.5   |,,,,,
|MCG-05-37-002 | 12.00  | 10.00  |   14.0|         |3     |2     |,,,,,
|MCG-05-02-011 |  8.00  |  2.00  |   15.0|         |0     |0     |,,,,,
|MCG-05-56-006 |  6.00  |  4.00  |   15.0|         |1.5   |1.5   |,,,,,
|MCG-05-13-015 |  5.00  |  3.00  |   16.0|         |1     |1     |,,,,,
|MCG-05-51-034 | 14.00  |  5.00  |   14.0|         |1     |0.7   |,,,,,
|MCG-05-05-007 | 17.00  |  4.00  |   14.0|         |2     |1     |,,,,,
|MCG-05-04-039 |  6.00  |  4.00  |   15.0|         |0     |0     |,,,,,
|MCG-05-25-008 |  0.00  |  0.00  |   15.0|IC 2586  |4     |3     |,,,,,
|MCG-05-14-015 |  6.00  |  4.00  |   16.0|         |2     |0.7   |,,,,,
|MCG-05-34-011 | 12.00  |  8.00  |   14.0|NGC 5592 |3     |2.5   |,,,,,
|MCG-05-06-001 | 16.00  | 10.00  |   14.0|         |5     |2     |,,,,,
|MCG-05-17-005 |  0.00  |  0.00  |   13.0|NGC 2325 |6     |4     |,,,,,
|MCG-05-16-003 | 11.00  |  4.00  |   14.0|         |8     |4     |,,,,,
|MCG-05-51-025 |  3.00  |  2.00  |   15.0|         |0     |0     |,,,,,
|MCG-05-32-051 |  4.00  |  3.00  |   15.0|IC 4303  |0     |0     |,,,,,
|MCG-05-12-008 | 10.00  |  8.00  |   17.0|         |0     |0     |,,,,,
|MCG-05-31-037 | 16.00  |  7.00  |   15.0|NGC 4980 |4     |2.5   |,,,,,
|MCG-05-34-012 |  6.00  |  2.00  |   16.0|         |0     |0     |,,,,,
|MCG-05-06-007 | 14.00  |  8.00  |   14.0|         |6     |2.5   |,,,,,
|MCG-05-54-014 |  8.00  |  4.00  |   15.0|         |2.5   |2     |,,,,,
|MCG-05-03-001 |  5.00  |  3.00  |   15.0|         |0     |0     |,,,,,
|MCG-05-24-010 | 15.00  | 10.00  |   14.0|         |5     |3     |,,,,,
|MCG-05-01-019 |  6.00  |  4.00  |   15.0|         |1.5   |1     |,,,,,
|MCG-05-54-002 |  7.00  |  4.00  |   15.0|         |2.5   |2     |,,,,,
|MCG-05-13-003 |  4.00  |  4.00  |   15.0|         |1.5   |1.5   |,,,,,
|MCG-05-03-028 |  2.50  |  2.00  |   15.0|         |0     |0     |,,,,,
|MCG-05-53-028 |  2.00  |  1.50  |   15.0|         |0     |0     |,,,,,
|MCG-05-12-005 | 10.00  |  6.00  |   15.0|         |0     |0     |,,,,,
|MCG-05-03-027 |  6.00  |  6.00  |   14.0|IC 1628  |3     |3     |,,,,,
|MCG-05-25-010 | 16.00  |  4.00  |   15.0|         |2     |1     |,,,,,
|MCG-05-56-032 |  0.00  |  0.00  |   15.0|         |2     |2     |,,,,,
|MCG-05-01-045 |  6.00  |  4.00  |   15.0|         |0.7   |0     |,,,,,
|MCG-05-14-014 |  8.00  |  3.00  |   15.0|         |2.5   |2     |,,,,,
|MCG-05-05-004 |  6.00  |  6.00  |   16.0|         |2     |1     |,,,,,
|MCG-05-06-005 |  5.00  |  4.00  |   15.0|         |4     |2.5   |,,,,,
|MCG-05-54-022 |  0.00  |  0.00  |   11.0|NGC 7507 |15    |15    |,,,,,
|MCG-05-25-029 | 10.00  |  2.00  |   15.0|         |0     |0     |,,,,,
|MCG-05-25-017 | 20.00  | 15.00  |   15.0|         |2     |2     |,,,,,
|MCG-05-16-008 | 12.00  |  4.00  |   15.0|         |0     |0     |,,,,,
|MCG-05-31-035 | 14.00  | 10.00  |   14.0|         |3     |1     |,,,,,
|MCG-05-07-031 |  6.00  |  2.00  |   15.0|         |0     |0     |,,,,,
|MCG-05-53-012 |  8.00  |  3.00  |   16.0|         |0     |0     |,,,,,
|MCG-05-52-005 |  8.00  |  8.00  |   15.0|         |1.5   |1     |,,,,,
|MCG-05-48-027 | 10.00  |  5.00  |   14.0|         |0     |0     |,,,,,
|MCG-05-28-015 | 50.00  |  5.00  |   13.0|         |0     |0     |,,,,,
|MCG-05-28-011 |  6.00  |  4.00  |   15.0|         |3     |1     |,,,,,
|MCG-05-14-003 |  6.00  |  6.00  |   14.0|         |0     |0     |,,,,,
|MCG-05-30-006 | 18.00  |  6.00  |   14.0|         |3     |1.5   |,,,,,
|MCG-05-24-009 | 24.00  |  3.00  |   14.0|         |0     |0     |,,,,,
|MCG-05-46-005 |  6.00  |  6.00  |   16.0|         |1     |1     |,,,,,
|MCG-05-33-028 | 10.00  |  6.00  |   14.0|NGC 5328 |4     |3     |,,,,,
|MCG-05-28-010 |  6.00  |  2.00  |   16.0|         |1     |1     |,,,,,
|MCG-05-06-016 |  4.00  |  2.00  |   17.0|         |0     |0     |,,,,,
|MCG-05-51-032 | 10.00  |  8.00  |   14.0|         |2.5   |2.5   |,,,,,
|MCG-05-02-022 |  5.00  |  2.00  |   15.0|         |0     |0     |,,,,,
|MCG-05-12-011 | 12.00  |  7.00  |   14.0|IC 2106  |1     |1     |,,,,,
|MCG-05-08-011 | 10.00  |  6.00  |   14.0|         |7     |3     |,,,,,
|MCG-05-26-016 | 12.00  |  8.00  |   13.0|NGC 3483 |4     |3     |,,,,,
|MCG-05-33-028A|  0.00  |  0.00  |   15.0|NGC 5330 |2     |2     |,,,,,
|MCG-05-25-016 |  8.00  |  6.00  |   15.0|         |3     |2.5   |,,,,,
|MCG-05-31-002 |  5.00  |  1.50  |   16.0|         |0     |0     |,,,,,
|MCG-05-31-032 | 12.00  |  6.00  |   16.0|         |4     |2     |,,,,,
|MCG-05-52-064 |  9.00  |  8.00  |   14.0|         |6     |4     |,,,,,
|MCG-05-17-008 |  5.00  |  4.00  |   15.0|         |3     |2     |,,,,,
|MCG-05-51-024 |  6.00  |  2.00  |   15.0|         |3     |2     |,,,,,
|MCG-05-24-021 | 30.00  | 10.00  |   14.0|NGC 3113 |7     |3     |,,,,,
|MCG-05-56-022 |  4.00  |  3.00  |   15.0|         |0     |0     |,,,,,
|MCG-05-52-004 |  8.00  |  5.00  |   15.0|         |3     |2     |,,,,,
|MCG-05-17-004 | 10.00  |  2.00  |   15.0|         |0     |0     |,,,,,
|MCG-05-33-029 |  7.00  |  3.00  |   16.0|         |1     |1     |,,,,,
|MCG-05-53-013 | 12.00  | 12.00  |   15.0|         |3     |1.5   |,,,,,
|MCG-05-02-013 |  5.00  |  2.00  |   15.0|         |0     |0     |,,,,,
|MCG-05-31-033 |  8.00  |  4.00  |   15.0|         |0     |0     |,,,,,
|MCG-05-52-066 |  8.00  |  2.00  |   15.0|         |2     |1.5   |,,,,,
|MCG-05-54-010 |  4.00  |  4.00  |   15.0|         |2.5   |2     |,,,,,
|MCG-05-27-003 | 20.00  |  8.00  |   14.0|         |11    |3     |,,,,,
|MCG-05-51-023 |  4.00  |  3.00  |   15.0|         |2.5   |2     |,,,,,
|MCG-05-46-006 |  5.00  |  3.00  |   15.0|         |2     |1.5   |,,,,,
|MCG-05-31-041 |  0.00  |  0.00  |   15.0|NGC 5048 |2.5   |2     |,,,,,
|MCG-05-52-068 | 14.00  |  6.00  |   14.0|NGC 7258 |5     |3     |,,,,,
|MCG-05-02-027 | 20.00  | 10.00  |   14.0|         |6     |4     |,,,,,
|MCG-05-56-023 |  0.00  |  0.00  |   14.0|IC 5362  |3.5   |3.5   |,,,,,
|MCG-05-34-017 |  8.00  |  2.00  |   15.0|         |0     |0     |,,,,,
|MCG-05-33-030 |  2.50  |  2.00  |   15.0|         |0     |0     |,,,,,
|MCG-05-46-007 |  4.00  |  4.00  |   15.0|         |2     |2     |,,,,,
|MCG-05-54-023 | 36.00  | 26.00  |   12.0|NGC 7513 |10    |4     |,,,,,
|MCG-05-50-008 | 12.00  |  2.00  |   15.0|         |2     |1.5   |,,,,,
|MCG-05-56-030 |  7.00  |  2.00  |   15.0|         |0     |0     |,,,,,
|MCG-05-49-014 |  4.00  |  4.00  |   15.0|         |2     |2     |,,,,,
|MCG-05-29-015 | 14.00  |  4.00  |   15.0|         |3     |1.5   |,,,,,
|MCG-05-24-014 | 14.00  |  9.00  |   13.0|NGC 3089 |8     |6     |,,,,,
|MCG-05-56-015 |  6.00  |  5.00  |   15.0|         |2.5   |2     |,,,,,
|MCG-05-33-003 | 10.00  |  3.00  |   17.0|         |0.5   |0.5   |,,,,,
|MCG-05-55-031 | 28.00  |  8.00  |   14.0|         |6     |2.5   |,,,,,
|MCG-05-25-019 | 11.00  |  5.00  |   14.0|         |6     |3     |,,,,,
|MCG-05-02-025 |  6.00  |  2.00  |   15.0|         |2     |2     |,,,,,
|MCG-05-24-003 | 16.00  | 10.00  |   13.0|NGC 3056 |6     |4     |,,,,,
|MCG-05-48-010 | 15.00  | 12.00  |   13.0|         |2     |1.5   |,,,,,
|MCG-05-14-016 | 10.00  |  6.00  |   16.0|         |0.6   |0.6   |,,,,,
|MCG-05-31-040 |  4.00  |  2.00  |   16.0|         |0     |0     |,,,,,
|MCG-05-31-042 |  6.00  |  3.00  |   15.0|NGC 5051 |2     |2     |,,,,,
|MCG-05-28-007 | 18.00  | 14.00  |   14.0|         |4     |2     |,,,,,
|MCG-05-52-003 |  6.00  |  6.00  |   15.0|         |2     |1.5   |,,,,,
|MCG-05-07-020 | 10.00  |  2.00  |   15.0|         |5     |2     |,,,,,
|MCG-05-22-004 | 14.00  | 12.00  |   15.0|         |1.5   |1     |,,,,,
|MCG-05-53-022 |  5.00  |  5.00  |   15.0|         |0     |0     |,,,,,
|MCG-05-46-009 |  4.00  |  1.00  |   16.0|         |0     |0     |,,,,,
|MCG-05-31-006 |  7.00  |  4.00  |   15.0|         |0.6   |0.6   |,,,,,
|MCG-05-31-036 | 22.00  | 22.00  |   14.0|NGC 4965 |0     |0     |,,,,,
|MCG-05-29-012 |  4.00  |  3.00  |   15.0|         |0     |0     |,,,,,
|MCG-05-29-011 |  6.00  |  5.00  |   15.0|         |2     |1     |,,,,,
|MCG-05-17-007 |  6.00  |  1.00  |   16.0|         |0     |0     |,,,,,
|MCG-05-07-042 | 12.00  |  3.50  |   14.0|         |0     |0     |,,,,,
|MCG-05-49-012 |  8.00  |  2.00  |   15.0|         |0.7   |0.7   |,,,,,
|MCG-05-32-030 |  5.00  |  5.00  |   15.0|         |0.6   |0.6   |,,,,,
|MCG-05-32-029 |  9.00  |  1.20  |   15.0|         |2     |1.5   |,,,,,
|MCG-05-56-013 | 12.00  | 12.00  |   14.0|IC 5358  |0     |0     |,,,,,
|MCG-05-10-005 | 12.00  |  5.00  |   14.0|IC 2008: |0     |0     |,,,,,
|MCG-05-07-013 | 10.00  |  7.00  |   14.0|IC 1833  |4     |2.5   |,,,,,
|MCG-05-22-009 | 12.00  |  2.00  |   15.0|         |3     |1     |,,,,,
|MCG-05-25-025 | 10.00  |  3.00  |   14.0|         |6     |3     |,,,,,
|MCG-05-52-015 |  2.50  |  2.50  |   15.0|         |0     |0     |,,,,,
|MCG-05-56-011 |  6.00  |  2.00  |   15.0|IC 5354  |2.5   |2     |,,,,,
|MCG-05-32-034 | 14.00  | 10.00  |   13.0|NGC 5182 |2     |2     |,,,,,
|MCG-05-01-036 |  4.00  |  4.00  |   16.0|         |1.5   |1.5   |,,,,,
|MCG-05-56-004 |  8.00  |  2.00  |   15.0|         |0     |0     |,,,,,
|MCG-05-56-010 |  0.00  |  0.00  |   14.0|IC 5353  |3     |3     |,,,,,
|MCG-05-09-007 |  8.00  |  6.00  |   15.0|         |2     |1.5   |,,,,,
|MCG-05-29-005 | 20.00  | 16.00  |   14.0|         |0     |0     |,,,,,
|MCG-05-15-009 |  6.00  |  6.00  |   15.0|         |2     |2     |,,,,,
|MCG-05-54-019 |  8.00  |  4.00  |   15.0|         |2     |2     |,,,,,
|MCG-05-01-031 |  4.00  |  2.00  |   16.0|         |0     |0     |,,,,,
|MCG-05-48-014 |  8.00  |  4.00  |   15.0|         |3     |1     |,,,,,
|MCG-05-39-001 |  4.00  |  4.00  |   16.0|         |0.8   |0.8   |,,,,,
|MCG-05-13-007 |  4.00  |  1.00  |   16.0|         |1.5   |1     |,,,,,
|MCG-05-25-018 |  8.00  |  4.00  |   15.0|         |0     |0     |,,,,,
|MCG-05-52-025 |  8.00  |  3.00  |   15.0|         |4     |2     |,,,,,
|MCG-05-53-031 |  8.00  |  3.00  |   15.0|         |1.5   |1.5   |,,,,,
|MCG-05-08-005 |  6.00  |  5.00  |   15.0|         |3     |3     |,,,,,
|MCG-05-05-006 |  8.00  |  4.00  |   15.0|         |0     |0     |,,,,,
|MCG-05-25-021 |  9.00  |  2.00  |   15.0|         |2.5   |2     |,,,,,
|MCG-05-51-005 |  6.00  |  4.00  |   15.0|         |0     |0     |,,,,,
|MCG-05-55-002 |  6.00  |  6.00  |   15.0|         |3     |3     |,,,,,
|MCG-05-52-024 |  8.00  |  4.00  |   15.0|         |2     |1.7   |,,,,,
|MCG-05-56-005 |  6.00  |  2.00  |   15.0|IC 5349  |0     |0     |,,,,,
|MCG-05-27-001 |  6.00  |  4.00  |   15.0|         |0     |0     |,,,,,
|MCG-05-01-024 | 12.00  |  4.00  |   15.0|         |1     |0.7   |,,,,,
|MCG-05-32-072 |  5.00  |  3.00  |   15.0|         |0     |0     |,,,,,
|MCG-05-23-001 |  0.00  |  0.00  |   13.0|NGC 2888 |4     |3     |,,,,,
|MCG-05-31-038 |  8.00  |  8.00  |   16.0|         |0     |0     |,,,,,
|MCG-05-52-019 | 10.00  |  4.00  |   15.0|         |0     |0     |,,,,,
|MCG-05-52-023 | 10.00  |  4.00  |   15.0|         |2     |2     |,,,,,
|MCG-05-55-034 |  8.00  |  4.00  |   15.0|         |3     |2     |,,,,,
|MCG-05-16-011 | 10.00  |  8.00  |   15.0|         |3     |2     |,,,,,
|MCG-05-32-044 | 12.00  | 10.00  |   15.0|IC 4290  |2     |1.5   |,,,,,
|MCG-05-52-045 |  6.00  |  6.00  |   15.0|         |0     |0     |,,,,,
|MCG-05-32-032 |  0.00  |  0.00  |   15.0|IC 4261  |2     |1.5   |,,,,,
|MCG-05-02-005 | 14.00  |  3.00  |   16.0|         |2     |1.5   |,,,,,
|MCG-05-56-009 |  2.50  |  2.50  |   15.0|IC 5350  |0     |0     |,,,,,
|MCG-05-34-018 |  8.00  |  4.00  |   15.0|         |0     |0     |,,,,,
|MCG-05-52-057 | 10.00  |  4.00  |   14.0|         |4     |2     |,,,,,
|MCG-05-07-002 |  6.00  |  3.00  |   15.0|         |0     |0     |,,,,,
|MCG-05-32-027 |  2.00  |  2.00  |   15.0|         |0     |0     |,,,,,
|MCG-05-55-013 |  8.00  |  6.00  |   15.0|         |1     |1     |,,,,,
|MCG-05-49-007 | 14.00  |  5.00  |   15.0|         |3     |2.5   |,,,,,
|MCG-05-07-018 |  8.00  |  4.00  |   15.0|         |0     |0     |,,,,,
|MCG-05-56-024 |  6.00  |  2.00  |   16.0|         |4     |2     |,,,,,
|MCG-05-05-005 |  6.00  |  6.00  |   16.0|         |1     |1     |,,,,,
|MCG-05-03-006 |  8.00  |  3.00  |   15.0|         |2     |2     |,,,,,
|MCG-05-56-019 | 12.00  |  2.00  |   15.0|         |3     |2     |,,,,,
|MCG-05-25-037 |  6.00  |  2.00  |   15.0|         |2     |2     |,,,,,
|MCG-05-29-008 | 28.00  |  7.00  |   13.0|IC 2995  |10    |4     |,,,,,
|MCG-05-16-001 |  8.00  |  4.00  |   15.0|         |3     |2     |,,,,,
|MCG-05-32-020 |  4.00  |  2.00  |   14.0|IC 4249  |0     |0     |,,,,,
|MCG-05-56-025 |  4.00  |  4.00  |   15.0|         |2.5   |2.5   |,,,,,
|MCG-05-52-042 |  8.00  |  6.00  |   14.0|         |2     |1.5   |,,,,,
|MCG-05-33-026 |  4.00  |  4.00  |   15.0|         |1.5   |1.5   |,,,,,
|MCG-05-20-001 | 10.00  |  4.00  |   16.0|         |1.5   |1.5   |,,,,,
|MCG-05-28-006 | 10.00  |  4.00  |   13.0|NGC 3885 |0     |0     |,,,,,
|MCG-05-25-012 |  3.00  |  1.50  |   18.0|         |0     |0     |,,,,,
|MCG-05-07-019 |  4.00  |  2.00  |   16.0|         |0     |0     |,,,,,
|MCG-05-32-033 | 10.00  |  4.00  |   15.0|IC 4264  |2     |2     |,,,,,
|MCG-05-27-007 | 10.00  |  2.00  |   15.0|         |2     |1     |,,,,,
|MCG-05-52-047 |  8.00  |  2.00  |   15.0|         |4     |1.5   |,,,,,
|MCG-04-32-002 |  5.00  |  5.00  |   14.0|         |2     |2     |,,,,,
|MCG-05-25-032 |  6.00  |  5.00  |   15.0|         |0     |0     |,,,,,
|MCG-05-25-022 |  6.00  |  4.00  |   15.0|         |2.5   |2.5   |,,,,,
|MCG-05-25-024 |  7.00  |  3.00  |   15.0|         |3     |2     |,,,,,
|MCG-05-52-033 | 11.00  |  3.00  |   15.0|IC 5168  |0     |0     |,,,,,
|MCG-05-54-001 |  8.00  |  3.00  |   15.0|         |3     |2     |,,,,,
|MCG-05-09-022 | 15.00  | 10.00  |   14.0|         |5     |4     |,,,,,
|MCG-05-52-046 |  2.50  |  1.50  |   15.0|         |0     |0     |,,,,,
|MCG-05-49-015 |  8.00  |  6.00  |   15.0|         |2     |2     |,,,,,
|MCG-05-29-028 |  8.00  |  7.00  |   16.0|         |1     |1     |,,,,,
|MCG-05-32-022 | 10.00  |  6.00  |   15.0|IC 4253  |1     |1     |,,,,,
|MCG-05-52-018 | 12.00  | 10.00  |   15.0|         |3     |2     |,,,,,
|MCG-05-15-004 | 17.00  | 13.00  |   14.0|IC 2158  |6     |4     |,,,,,
|MCG-05-52-034 | 15.00  | 12.00  |   12.0|NGC 7214 |5     |5     |,,,,,
|MCG-05-24-027 | 18.00  |  3.00  |   15.0|         |0     |0     |,,,,,
|MCG-05-27-005 | 18.00  | 10.00  |   15.0|         |0     |0     |,,,,,
|MCG-05-52-035 |  3.00  |  2.00  |   15.0|         |0     |0     |,,,,,
|MCG-05-25-013 |  4.00  |  2.50  |   17.0|         |0     |0     |,,,,,
|MCG-05-12-012 |  8.00  |  6.00  |   15.0|         |1     |1     |,,,,,
|MCG-05-02-026 | 10.00  |  1.00  |   15.0|         |0     |0     |,,,,,
|MCG-05-05-025 |  6.00  |  5.00  |   15.0|IC 1763  |2     |1.5   |,,,,,
|MCG-05-52-036 |  8.00  |  8.00  |   14.0|         |4     |3     |,,,,,
|MCG-05-06-013 |  6.00  |  2.00  |   16.0|         |0     |0     |,,,,,
|MCG-05-10-011 |  6.00  |  3.00  |   16.0|         |0     |0     |,,,,,